,employee_id,title,last,first,manager_id,function,department,location,age,sex,ethnicity,employment_status,tenure,tenure_id,alignment,development,enablement,engagement,leadership,overall
0,343,CEO,Duran,Veronica,,CEO,Leadership,"Mountain View, CA",35 - 44,F,hispanic,Full time,1 to less than 2 years,2,0.7999999999999999,0.6666666666666666,0.7333333333333334,0.68,0.7333333333333334,0.7226666666666668
1,203,Administrative Assistant,Thompson,Anne,343.0,CEO,Leadership,"Mountain View, CA",45 - 54,F,white,Full time,2 to less than 4 years,3,0.7999999999999999,0.9333333333333332,0.9333333333333332,0.8,0.8666666666666667,0.8666666666666668
2,11,VP Engineering,Xiong,Steven,343.0,CEO,Engineering,"Mountain View, CA",35 - 44,M,asian,Full time,4 to less than 6 years,4,0.9333333333333332,0.8666666666666667,1.0,0.8400000000000001,1.0,0.9279999999999999
3,707,Administrative Assistant,Sanchez,Carolyn,11.0,CEO,Engineering,"Mountain View, CA",45 - 54,F,hispanic,Full time,less than 6 months,0,0.7333333333333334,0.8000000000000002,0.6666666666666666,0.76,0.4666666666666666,0.6853333333333333
4,417,Chief Technology Officer,Deleon,Amanda,343.0,CEO,Advanced Technology,"Mountain View, CA",35 - 44,F,asian,Full time,1 to less than 2 years,2,0.9333333333333332,0.5333333333333333,0.7333333333333334,0.8,0.8666666666666667,0.7733333333333333
5,484,Administrative Assistant,Vang,Portia,417.0,CEO,Advanced Technology,"Mountain View, CA",25 - 34,F,asian,Full time,1 to less than 2 years,2,0.6666666666666666,0.7333333333333334,0.8000000000000002,0.76,0.8000000000000002,0.752
6,18,VP of Loan Operations,Myers,Tamara,343.0,CEO,Loan Operations,"New York, NY",45 - 54,F,white,Full time,4 to less than 6 years,4,1.0,0.8666666666666667,1.0,0.8799999999999999,1.0,0.9493333333333333
7,737,Administrative Assistant,Jones,Kathleen,18.0,CEO,Loan Operations,"New York, NY",25 - 34,F,mixed_race,Full time,less than 6 months,0,0.6666666666666666,0.6666666666666666,0.5333333333333333,0.68,0.6,0.6293333333333334
8,736,Chief Financial Officer,Anderson,Kevin,343.0,CEO,Finance & Admin,"Mountain View, CA",55 - 64,M,white,Full time,less than 6 months,0,0.6666666666666666,0.6,0.7999999999999999,0.8,0.9333333333333332,0.7599999999999999
9,696,Administrative Assistant,Lopez,Judith,736.0,CEO,Finance & Admin,"Mountain View, CA",25 - 34,F,hispanic,Full time,less than 6 months,0,0.7333333333333334,0.6666666666666666,0.6666666666666666,0.68,0.7999999999999999,0.7093333333333333
10,70,VP of Marketing,Mitchell,Douglas,343.0,CEO,Marketing,"New York, NY",45 - 54,M,white,Full time,4 to less than 6 years,4,0.8666666666666667,0.8666666666666667,0.9333333333333332,0.8,0.9333333333333332,0.8800000000000001
11,508,Administrative Assistant,Stevenson,Georgia,70.0,CEO,Marketing,"New York, NY",25 - 34,F,white,Full time,1 to less than 2 years,2,0.6666666666666666,0.6000000000000001,0.6,0.76,0.8000000000000002,0.6853333333333335
12,82,VP of Product,Moon,John,343.0,CEO,Product,"Mountain View, CA",45 - 54,M,asian,Full time,4 to less than 6 years,4,0.8666666666666667,0.8666666666666667,0.7333333333333334,0.8400000000000001,1.0,0.8613333333333333
13,388,Administrative Assistant,Ryan,Kayla,82.0,CEO,Product,"Mountain View, CA",25 - 34,F,white,Full time,1 to less than 2 years,2,0.6666666666666666,0.6666666666666666,0.8666666666666667,0.8,0.8666666666666667,0.7733333333333333
14,225,VP of Lender Relations,Wang,Michael,343.0,CEO,Loan Operations,"New York, NY",35 - 44,M,asian,Full time,2 to less than 4 years,3,0.8666666666666667,0.6,0.7999999999999999,0.8,0.9333333333333332,0.7999999999999999
15,45,Administrative Assistant,Rice,Elisha,225.0,CEO,Loan Operations,"New York, NY",35 - 44,F,white,Full time,4 to less than 6 years,4,0.9333333333333332,0.8666666666666667,0.9333333333333332,0.8799999999999999,0.8000000000000002,0.8826666666666666
16,260,Chief Compliance Officer,Sanders,Cortney,343.0,CEO,Compliance,"Mountain View, CA",35 - 44,M,white,Full time,2 to less than 4 years,3,0.7999999999999999,0.7333333333333334,0.8666666666666667,0.8,0.9333333333333332,0.8266666666666668
17,454,Administrative Assistant,Howard,Victoria,260.0,CEO,Compliance,"Mountain View, CA",65+,F,african_american,Full time,1 to less than 2 years,2,0.7333333333333334,0.4000000000000001,0.6,0.7200000000000001,0.6,0.6106666666666667
18,68,Director of Engineering,Liu,Dakota,11.0,Engineering,Back End,"Mountain View, CA",25 - 34,M,asian,Full time,4 to less than 6 years,4,0.8666666666666667,0.8666666666666667,0.7999999999999999,0.8799999999999999,0.8666666666666667,0.8559999999999999
19,14,Engineer,Nguyen,Terri,68.0,Engineering,Back End,"Mountain View, CA",45 - 54,F,asian,Full time,4 to less than 6 years,4,0.8666666666666667,0.7333333333333334,1.0,0.8,0.9333333333333332,0.8666666666666668
20,326,Director of Engineering,Chan,Robert,11.0,Engineering,Algorithm Development,"Mountain View, CA",35 - 44,M,asian,Full time,1 to less than 2 years,2,0.7333333333333334,0.6666666666666666,0.8000000000000002,0.8,0.8666666666666667,0.7733333333333333
21,149,Director of Engineering,Carroll,Sean,11.0,Engineering,Front End,"Mountain View, CA",45 - 54,M,white,Full time,2 to less than 4 years,3,0.8666666666666667,0.6666666666666666,0.8666666666666667,0.8400000000000001,1.0,0.8480000000000001
22,465,Engineer,Jones,Nathan,149.0,Engineering,Front End,"Mountain View, CA",18 - 24,M,white,Full time,1 to less than 2 years,2,0.6666666666666666,0.7333333333333334,0.7333333333333334,0.8,0.9333333333333332,0.7733333333333333
23,580,Director of Engineering,Truong,Iesha,11.0,Engineering,Security,"Mountain View, CA",45 - 54,F,asian,Full time,1 to less than 2 years,2,0.8000000000000002,0.6666666666666666,0.9333333333333332,0.8,0.8000000000000002,0.8
24,366,Director of Engineering,Santos,Morgan,11.0,Engineering,Full Stack,"Mountain View, CA",35 - 44,M,asian,Full time,1 to less than 2 years,2,0.8000000000000002,0.6666666666666666,0.7999999999999999,0.8400000000000001,0.8666666666666667,0.7946666666666666
25,455,Engineer,Lin,Taylor,366.0,Engineering,Full Stack,"Mountain View, CA",25 - 34,F,asian,Full time,1 to less than 2 years,2,0.8000000000000002,0.6666666666666666,0.6666666666666666,0.76,0.8666666666666667,0.752
26,445,Chief Engineer,Davis,Jesse,366.0,Engineering,Full Stack,"Mountain View, CA",35 - 44,M,white,Full time,1 to less than 2 years,2,0.8000000000000002,0.5333333333333333,0.7999999999999999,0.8400000000000001,0.8666666666666667,0.768
27,206,Engineer,Castillo,Jason,366.0,Engineering,Full Stack,"Mountain View, CA",45 - 54,M,mixed_race,Full time,2 to less than 4 years,3,0.8666666666666667,0.7333333333333334,0.7333333333333334,0.8,0.7333333333333334,0.7733333333333334
28,288,Chief Engineer,Lewis,David,366.0,Engineering,Full Stack,"Mountain View, CA",25 - 34,M,white,Full time,2 to less than 4 years,3,0.8666666666666667,0.5333333333333333,0.8000000000000002,0.8799999999999999,0.8666666666666667,0.7893333333333333
29,583,Engineer,Young,Brian,366.0,Engineering,Full Stack,"Mountain View, CA",35 - 44,M,white,Full time,1 to less than 2 years,2,0.6666666666666666,0.7333333333333334,0.7999999999999999,0.8400000000000001,1.0,0.808
30,419,Engineer,Hunt,Tanner,366.0,Engineering,Full Stack,"Mountain View, CA",25 - 34,M,white,Full time,1 to less than 2 years,2,0.6666666666666666,0.6666666666666666,0.7999999999999999,0.8799999999999999,0.8666666666666667,0.776
31,482,Senior Engineer,Padilla,Leonard,366.0,Engineering,Full Stack,"Mountain View, CA",35 - 44,M,mixed_race,Full time,1 to less than 2 years,2,0.6,0.7333333333333334,0.7333333333333334,0.72,0.7333333333333334,0.7040000000000001
32,210,Senior Engineer,Mercado,Patrick,366.0,Engineering,Full Stack,"Mountain View, CA",35 - 44,M,hispanic,Part time,2 to less than 4 years,3,0.8666666666666667,0.6,0.7333333333333334,0.8,0.7333333333333334,0.7466666666666667
33,246,Chief Architect,Meyer,Michael,417.0,Advanced Technology,Product Architechture,"Mountain View, CA",35 - 44,M,white,Full time,2 to less than 4 years,3,0.7333333333333334,0.6666666666666666,1.0,0.8400000000000001,1.0,0.8480000000000001
34,730,Product Architect,Foster,Kristopher,246.0,Advanced Technology,Product Architechture,"Mountain View, CA",25 - 34,M,mixed_race,Full time,less than 6 months,0,0.6666666666666666,0.8666666666666667,0.7333333333333334,0.7200000000000001,0.6666666666666666,0.7306666666666667
35,735,Product Architect,Johnson,John,246.0,Advanced Technology,Product Architechture,"Mountain View, CA",45 - 54,M,white,Part time,less than 6 months,0,0.6666666666666666,0.4666666666666666,0.8000000000000002,0.8400000000000001,0.9333333333333332,0.7413333333333333
36,109,Product Architect,Tran,Terry,246.0,Advanced Technology,Product Architechture,"Mountain View, CA",45 - 54,M,asian,Full time,4 to less than 6 years,4,0.8666666666666667,0.7999999999999999,0.7333333333333334,0.8,0.8666666666666667,0.8133333333333332
37,578,Senior Product Architect,Kim,Robert,246.0,Advanced Technology,Product Architechture,"Mountain View, CA",35 - 44,M,asian,Part time,1 to less than 2 years,2,0.6000000000000001,0.6666666666666666,0.7999999999999999,0.8400000000000001,0.8666666666666667,0.7546666666666666
38,125,Product Architect,Moon,Patrick,246.0,Advanced Technology,Product Architechture,"Mountain View, CA",35 - 44,M,asian,Full time,2 to less than 4 years,3,0.7333333333333334,0.7333333333333334,0.7999999999999999,0.8,0.8666666666666667,0.7866666666666666
39,528,Senior Product Architect,Joseph,Katrina,246.0,Advanced Technology,Product Architechture,"Mountain View, CA",55 - 64,F,asian,Full time,1 to less than 2 years,2,0.7999999999999999,0.6666666666666666,0.7333333333333334,0.76,0.7333333333333334,0.7386666666666667
40,594,Product Architect,Singh,Emmanuel,246.0,Advanced Technology,Product Architechture,"Mountain View, CA",25 - 34,M,asian,Full time,6 months to less than 1 year,1,0.6666666666666666,0.6666666666666666,0.8666666666666667,0.76,0.8666666666666667,0.7653333333333333
41,600,Director of VA Loans,Hernandez,Isaac,18.0,Loan Operations,VA Loans,"New York, NY",45 - 54,M,mixed_race,Full time,6 months to less than 1 year,1,0.7333333333333334,0.8000000000000002,0.5333333333333333,0.72,0.8000000000000002,0.7173333333333335
42,316,Loan Officer,Garcia,Kelley,600.0,Loan Operations,VA Loans,"New York, NY",45 - 54,F,hispanic,Part time,2 to less than 4 years,3,0.7333333333333334,0.4666666666666666,0.5333333333333333,0.7200000000000001,0.6666666666666666,0.624
43,105,Loan Officer,Adams,Sheila,600.0,Loan Operations,VA Loans,"New York, NY",45 - 54,F,african_american,Full time,4 to less than 6 years,4,0.9333333333333332,0.7333333333333334,0.6666666666666666,0.64,0.7999999999999999,0.7546666666666666
44,154,Loan Officer,Acosta,Patrick,600.0,Loan Operations,VA Loans,"New York, NY",45 - 54,M,hispanic,Part time,2 to less than 4 years,3,0.7333333333333334,0.7333333333333334,0.7333333333333334,0.68,0.6666666666666666,0.7093333333333334
45,335,Director of FHA Loans,Cook,Noel,18.0,Loan Operations,FHA Loans,"New York, NY",18 - 24,M,african_american,Part time,1 to less than 2 years,2,0.8666666666666667,0.6666666666666666,0.6,0.7200000000000001,0.7333333333333334,0.7173333333333334
46,593,Loan Officer,Nguyen,Brian,335.0,Loan Operations,FHA Loans,"New York, NY",35 - 44,M,asian,Full time,1 to less than 2 years,2,0.7333333333333334,0.6666666666666666,0.5333333333333333,0.68,0.7333333333333334,0.6693333333333333
47,304,Loan Officer,Wilson,Mariah,335.0,Loan Operations,FHA Loans,"New York, NY",25 - 34,F,white,Part time,2 to less than 4 years,3,0.8000000000000002,0.6666666666666666,0.7333333333333334,0.76,0.8666666666666667,0.7653333333333333
48,588,Senior Loan Officer,Rhodes,Anny,335.0,Loan Operations,FHA Loans,"New York, NY",35 - 44,F,white,Part time,1 to less than 2 years,2,0.8666666666666667,0.3333333333333333,0.8666666666666667,0.8,0.8666666666666667,0.7466666666666666
49,373,Senior Loan Officer,Ross,Alex,335.0,Loan Operations,FHA Loans,"New York, NY",35 - 44,M,white,Full time,1 to less than 2 years,2,0.7333333333333334,0.6666666666666666,0.7333333333333334,0.8,0.7333333333333334,0.7333333333333334
50,144,Loan Officer,Jones,Michael,335.0,Loan Operations,FHA Loans,"New York, NY",18 - 24,M,white,Part time,2 to less than 4 years,3,0.7333333333333334,0.4666666666666666,0.8666666666666667,0.8,1.0,0.7733333333333332
51,199,Senior Loan Officer,Allen,Timothy,335.0,Loan Operations,FHA Loans,"New York, NY",35 - 44,M,white,Full time,2 to less than 4 years,3,0.9333333333333332,0.6666666666666666,0.8000000000000002,0.8400000000000001,0.7333333333333334,0.7946666666666667
52,710,Loan Officer,Garcia,Phyllis,335.0,Loan Operations,FHA Loans,"New York, NY",65+,F,hispanic,Full time,less than 6 months,0,0.7333333333333334,0.6000000000000001,0.46666666666666673,0.68,0.5333333333333333,0.6026666666666667
53,702,Loan Officer,Cole,Jeffrey,335.0,Loan Operations,FHA Loans,"New York, NY",45 - 54,M,african_american,Full time,less than 6 months,0,0.6666666666666666,0.6,0.6000000000000001,0.68,0.6,0.6293333333333334
54,669,Director of West Coast Region,Hoffman,Eric,18.0,Loan Operations,West Coast Lending,"Mountain View, CA",45 - 54,M,white,Part time,6 months to less than 1 year,1,0.7999999999999999,0.6666666666666666,0.8000000000000002,0.8799999999999999,0.9333333333333332,0.8160000000000001
55,533,Loan Officer,Johnson,Matthew,669.0,Loan Operations,West Coast Lending,"Mountain View, CA",35 - 44,M,african_american,Full time,1 to less than 2 years,2,0.7999999999999999,0.6,0.6,0.7200000000000001,0.7333333333333334,0.6906666666666668
56,398,Loan Officer,Hamilton,Jeremy,669.0,Loan Operations,West Coast Lending,"Mountain View, CA",35 - 44,M,white,Part time,1 to less than 2 years,2,0.7333333333333334,0.6,0.7333333333333334,0.8,0.9333333333333332,0.76
57,452,Loan Officer,Ali,Andrew,669.0,Loan Operations,West Coast Lending,"Mountain View, CA",35 - 44,M,mixed_race,Full time,1 to less than 2 years,2,0.7333333333333334,0.6666666666666666,0.6666666666666666,0.68,0.6666666666666666,0.6826666666666666
58,540,Loan Officer,Holmes,Sandra,669.0,Loan Operations,West Coast Lending,"Mountain View, CA",45 - 54,F,white,Part time,1 to less than 2 years,2,0.9333333333333332,0.5333333333333333,0.7333333333333334,0.8,0.9333333333333332,0.7866666666666666
59,255,Loan Officer,Berry,Gabriella,669.0,Loan Operations,West Coast Lending,"Mountain View, CA",18 - 24,F,white,Full time,2 to less than 4 years,3,0.7333333333333334,0.6000000000000001,0.7333333333333334,0.8400000000000001,0.9333333333333332,0.768
60,725,Loan Officer,Brown,Mary,669.0,Loan Operations,West Coast Lending,"Mountain View, CA",35 - 44,F,white,Part time,less than 6 months,0,0.7333333333333334,0.6,0.8000000000000002,0.8400000000000001,0.8666666666666667,0.768
61,765,Loan Officer,Morrow,Karina,669.0,Loan Operations,West Coast Lending,"Mountain View, CA",35 - 44,F,white,Full time,less than 6 months,0,0.8666666666666667,0.6666666666666666,0.7333333333333334,0.8,0.9333333333333332,0.7999999999999999
62,91,Loan Officer,Ramirez,Malinda,669.0,Loan Operations,West Coast Lending,"Mountain View, CA",35 - 44,F,hispanic,Part time,4 to less than 6 years,4,0.9333333333333332,0.7333333333333334,0.7999999999999999,0.76,0.8666666666666667,0.8186666666666668
63,480,Loan Officer,Jackson,Jacob,669.0,Loan Operations,West Coast Lending,"Mountain View, CA",18 - 24,M,white,Full time,1 to less than 2 years,2,0.7333333333333334,0.6666666666666666,0.6666666666666666,0.8400000000000001,0.9333333333333332,0.7679999999999999
64,201,Director of East Coast Region,Barnes,Adrienne,18.0,Loan Operations,East Coast Lending,"New York, NY",35 - 44,F,white,Part time,2 to less than 4 years,3,0.7333333333333334,0.6,0.8000000000000002,0.8,1.0,0.7866666666666667
65,538,Loan Officer,Arnold,Dustin,201.0,Loan Operations,East Coast Lending,"New York, NY",18 - 24,M,mixed_race,Full time,1 to less than 2 years,2,0.8000000000000002,0.6666666666666666,0.4666666666666666,0.6,0.6666666666666666,0.6399999999999999
66,243,Loan Officer,Barber,Celia,201.0,Loan Operations,East Coast Lending,"New York, NY",18 - 24,F,african_american,Full time,2 to less than 4 years,3,0.8000000000000002,0.6,0.6,0.6,0.7333333333333334,0.6666666666666667
67,221,Loan Officer,Williams,Sylvia,201.0,Loan Operations,East Coast Lending,"New York, NY",55 - 64,F,white,Part time,2 to less than 4 years,3,0.7333333333333334,0.5333333333333333,0.7999999999999999,0.8400000000000001,0.9333333333333332,0.7679999999999999
68,50,Senior Loan Officer,Simon,Russell,201.0,Loan Operations,East Coast Lending,"New York, NY",35 - 44,M,white,Full time,4 to less than 6 years,4,0.7999999999999999,0.9333333333333332,0.9333333333333332,0.8,1.0,0.8933333333333333
69,379,Senior Loan Officer,Lozano,Ronald,201.0,Loan Operations,East Coast Lending,"New York, NY",45 - 54,M,hispanic,Part time,1 to less than 2 years,2,0.6,0.6666666666666666,0.6000000000000001,0.68,0.5333333333333333,0.616
70,147,Loan Officer,Castillo,Allan,201.0,Loan Operations,East Coast Lending,"New York, NY",25 - 34,M,hispanic,Full time,2 to less than 4 years,3,0.8666666666666667,0.7333333333333334,0.5333333333333333,0.68,0.6666666666666666,0.696
71,224,Loan Officer,Foster,Gabriel,201.0,Loan Operations,East Coast Lending,"New York, NY",25 - 34,M,white,Full time,2 to less than 4 years,3,0.7999999999999999,0.7333333333333334,0.7333333333333334,0.76,0.7333333333333334,0.752
72,768,Loan Officer,Garcia,Jasmine,201.0,Loan Operations,East Coast Lending,"New York, NY",25 - 34,F,hispanic,Full time,less than 6 months,0,0.8000000000000002,0.6666666666666666,0.4666666666666666,0.64,0.6000000000000001,0.6346666666666667
73,10,Loan Officer,Scott,Iris,201.0,Loan Operations,East Coast Lending,"New York, NY",18 - 24,F,white,Full time,4 to less than 6 years,4,0.9333333333333332,0.8000000000000002,0.9333333333333332,0.8799999999999999,1.0,0.9093333333333333
74,753,Loan Officer,Prince,Tabitha,201.0,Loan Operations,East Coast Lending,"New York, NY",35 - 44,F,white,Full time,less than 6 months,0,0.7333333333333334,0.8666666666666667,0.8666666666666667,0.8,0.8000000000000002,0.8133333333333332
75,488,Senior Loan Officer,Anderson,Rudy,201.0,Loan Operations,East Coast Lending,"New York, NY",25 - 34,M,white,Full time,1 to less than 2 years,2,0.7999999999999999,0.6666666666666666,0.7333333333333334,0.8400000000000001,0.8666666666666667,0.7813333333333333
76,307,Director of Southern Region,Arnold,Hanna,18.0,Loan Operations,South Lending,"Atlanta, GA",18 - 24,F,white,Full time,2 to less than 4 years,3,0.7333333333333334,0.6666666666666666,0.7333333333333334,0.7200000000000001,0.6666666666666666,0.704
77,556,Loan Officer,George,Gustavo,307.0,Loan Operations,South Lending,"Atlanta, GA",18 - 24,M,asian,Part time,1 to less than 2 years,2,0.6666666666666666,0.6,0.4666666666666666,0.64,0.6000000000000001,0.5946666666666667
78,75,Loan Officer,Harris,Grayson,307.0,Loan Operations,South Lending,"Atlanta, GA",18 - 24,M,mixed_race,Full time,4 to less than 6 years,4,0.8666666666666667,0.8000000000000002,0.5333333333333333,0.64,0.6666666666666666,0.7013333333333334
79,64,Loan Officer,Jackson,Lily,307.0,Loan Operations,South Lending,"Atlanta, GA",18 - 24,F,mixed_race,Full time,4 to less than 6 years,4,0.8666666666666667,0.8000000000000002,0.5333333333333333,0.64,0.6666666666666666,0.7013333333333334
80,648,Director of Southwest Region,Duncan,Terry,18.0,Loan Operations,Southwest Lending,"Austin, TX",25 - 34,M,mixed_race,Part time,6 months to less than 1 year,1,0.7999999999999999,0.7333333333333334,0.4000000000000001,0.64,0.7333333333333334,0.6613333333333333
81,163,Loan Officer,Jimenez,Yesenia,648.0,Loan Operations,Southwest Lending,"Austin, TX",25 - 34,F,hispanic,Full time,2 to less than 4 years,3,0.7333333333333334,0.7999999999999999,0.3333333333333333,0.6,0.4666666666666666,0.5866666666666667
82,138,Loan Officer,Johnson,Julia,648.0,Loan Operations,Southwest Lending,"Austin, TX",35 - 44,F,white,Full time,2 to less than 4 years,3,0.8000000000000002,0.8000000000000002,0.7333333333333334,0.8400000000000001,0.7999999999999999,0.7946666666666667
83,53,Senior Loan Officer,Martinez,Toni,648.0,Loan Operations,Southwest Lending,"Austin, TX",35 - 44,F,hispanic,Full time,4 to less than 6 years,4,1.0,0.7333333333333334,0.6666666666666666,0.76,0.6000000000000001,0.752
84,183,Director of Midwest Region,Grimes,Sara,18.0,Loan Operations,Midwest Lending,"Chicago, IL",25 - 34,F,mixed_race,Part time,2 to less than 4 years,3,0.7333333333333334,0.5333333333333333,0.6,0.72,0.5333333333333333,0.624
85,73,Loan Officer,Anderson,Brooke,183.0,Loan Operations,Midwest Lending,"Chicago, IL",18 - 24,F,white,Full time,4 to less than 6 years,4,0.7999999999999999,0.8000000000000002,0.8000000000000002,0.8,0.6,0.76
86,137,Senior Loan Officer,Jones,Andre,183.0,Loan Operations,Midwest Lending,"Chicago, IL",35 - 44,M,white,Full time,2 to less than 4 years,3,0.8666666666666667,0.8000000000000002,0.8000000000000002,0.76,0.7999999999999999,0.8053333333333335
87,653,Loan Officer,Bauer,Christina,183.0,Loan Operations,Midwest Lending,"Chicago, IL",45 - 54,F,white,Full time,6 months to less than 1 year,1,0.6,0.6666666666666666,0.4666666666666666,0.76,0.6666666666666666,0.6319999999999999
88,367,Senior Loan Officer,Costa,Russell,183.0,Loan Operations,Midwest Lending,"Chicago, IL",35 - 44,M,hispanic,Part time,1 to less than 2 years,2,0.7333333333333334,0.5333333333333333,0.4666666666666666,0.68,0.5333333333333333,0.5893333333333333
89,633,Loan Officer,George,Jason,183.0,Loan Operations,Midwest Lending,"Chicago, IL",25 - 34,M,white,Full time,6 months to less than 1 year,1,0.7333333333333334,0.6666666666666666,0.6666666666666666,0.76,0.5333333333333333,0.6719999999999999
90,562,Loan Officer,Morton,Connie,183.0,Loan Operations,Midwest Lending,"Chicago, IL",65+,F,white,Full time,1 to less than 2 years,2,0.6666666666666666,0.7333333333333334,0.6,0.72,0.6666666666666666,0.6773333333333332
91,300,VP of Finance & Accounting,Nixon,Justin,736.0,Finance & Admin,Finance,"Mountain View, CA",25 - 34,M,white,Full time,2 to less than 4 years,3,0.8000000000000002,0.6666666666666666,0.8666666666666667,0.8,0.8666666666666667,0.8
92,323,Senior Financial Analyst,Chase,Laura,300.0,Finance & Admin,Finance,"Mountain View, CA",35 - 44,F,white,Full time,1 to less than 2 years,2,0.8000000000000002,0.7333333333333334,0.8666666666666667,0.8400000000000001,0.8666666666666667,0.8213333333333335
93,490,Financial Analyst,Kaur,Eddie,300.0,Finance & Admin,Finance,"Mountain View, CA",25 - 34,M,asian,Full time,1 to less than 2 years,2,0.7333333333333334,0.6,0.6666666666666666,0.7200000000000001,0.6,0.664
94,302,Financial Analyst,Nguyen,Jamie,300.0,Finance & Admin,Finance,"Mountain View, CA",35 - 44,F,asian,Full time,2 to less than 4 years,3,0.7333333333333334,0.5333333333333333,0.7333333333333334,0.8,0.6000000000000001,0.6799999999999999
95,531,VP of FP&A,Brown,Karen,736.0,Finance & Admin,Financial Planning & Analysis,"Mountain View, CA",55 - 64,F,white,Full time,1 to less than 2 years,2,0.7999999999999999,0.6666666666666666,0.9333333333333332,0.8400000000000001,1.0,0.8480000000000001
96,101,Senior Analyst,Perkins,Lynette,531.0,Finance & Admin,Financial Planning & Analysis,"Mountain View, CA",45 - 54,F,african_american,Full time,4 to less than 6 years,4,0.9333333333333332,0.7333333333333334,0.8666666666666667,0.76,0.7999999999999999,0.8186666666666665
97,268,Analyst,Nguyen,Timothy,531.0,Finance & Admin,Financial Planning & Analysis,"Mountain View, CA",35 - 44,M,mixed_race,Full time,2 to less than 4 years,3,0.6666666666666666,0.6666666666666666,0.6,0.68,0.6,0.6426666666666667
98,296,Senior Analyst,Lopez,Brandon,531.0,Finance & Admin,Financial Planning & Analysis,"Mountain View, CA",35 - 44,M,hispanic,Full time,2 to less than 4 years,3,0.6666666666666666,0.7333333333333334,0.7333333333333334,0.76,0.6666666666666666,0.712
99,118,Analyst,Ingram,Wayne,531.0,Finance & Admin,Financial Planning & Analysis,"Mountain View, CA",45 - 54,M,white,Part time,4 to less than 6 years,4,0.7999999999999999,0.5333333333333333,1.0,0.8400000000000001,0.8666666666666667,0.8079999999999998
100,180,Senior Analyst,Cox,Michelle,531.0,Finance & Admin,Financial Planning & Analysis,"Mountain View, CA",35 - 44,F,white,Full time,2 to less than 4 years,3,0.8000000000000002,0.7999999999999999,0.9333333333333332,0.8400000000000001,0.8666666666666667,0.8480000000000001
101,458,VP of Underwriting,Lam,Dustin,736.0,Finance & Admin,Underwriting,"Mountain View, CA",35 - 44,M,asian,Full time,1 to less than 2 years,2,0.7999999999999999,0.6666666666666666,0.8000000000000002,0.8,0.8666666666666667,0.7866666666666666
102,645,Senior Underwriter,Allen,Nicholas,458.0,Finance & Admin,Underwriting,"Mountain View, CA",35 - 44,M,white,Full time,6 months to less than 1 year,1,0.7333333333333334,0.5333333333333333,0.9333333333333332,0.8,0.9333333333333332,0.7866666666666666
103,547,Director of HR,Nguyen,Cole,736.0,Finance & Admin,Human Resources,"Mountain View, CA",18 - 24,M,asian,Part time,1 to less than 2 years,2,0.6,0.4666666666666666,0.8666666666666667,0.8400000000000001,0.9333333333333332,0.7413333333333333
104,405,Director of Marketing,Hanson,Mark,70.0,Marketing,Marketing,"New York, NY",35 - 44,M,white,Full time,1 to less than 2 years,2,0.7333333333333334,0.6,0.7999999999999999,0.8,1.0,0.7866666666666667
105,682,Director of Strategic Marketing,Carter,Nancy,70.0,Marketing,Strategic Marketing,"New York, NY",55 - 64,F,white,Full time,less than 6 months,0,0.7333333333333334,0.6666666666666666,0.7999999999999999,0.76,0.9333333333333332,0.7786666666666666
106,35,Marketing Analyst,Mclaughlin,Shaquill,682.0,Marketing,Strategic Marketing,"New York, NY",25 - 34,M,white,Full time,4 to less than 6 years,4,0.7999999999999999,0.6666666666666666,0.8666666666666667,0.8799999999999999,1.0,0.8426666666666666
107,340,Marketing Analyst,Le,Danielle,682.0,Marketing,Strategic Marketing,"New York, NY",25 - 34,F,asian,Full time,1 to less than 2 years,2,0.8000000000000002,0.5333333333333333,0.6666666666666666,0.76,0.7333333333333334,0.6986666666666667
108,466,Senior Marketing Analyst,Ho,Harmony,682.0,Marketing,Strategic Marketing,"New York, NY",35 - 44,F,asian,Full time,1 to less than 2 years,2,0.7333333333333334,0.5333333333333333,0.6666666666666666,0.76,0.8000000000000002,0.6986666666666668
109,380,Senior Marketing Analyst,Bailey,Cesar,682.0,Marketing,Strategic Marketing,"New York, NY",35 - 44,M,white,Full time,1 to less than 2 years,2,0.8666666666666667,0.6666666666666666,0.7999999999999999,0.8400000000000001,0.9333333333333332,0.8213333333333332
110,81,Senior Marketing Analyst,Coleman,Laura,682.0,Marketing,Strategic Marketing,"New York, NY",55 - 64,F,white,Full time,4 to less than 6 years,4,0.8000000000000002,0.6666666666666666,0.8666666666666667,0.8800000000000001,0.8666666666666667,0.8160000000000001
111,481,Product Manager,Dillon,Jaeson,82.0,Product,Refinancing,"Mountain View, CA",35 - 44,M,white,Full time,1 to less than 2 years,2,0.7999999999999999,0.8000000000000002,0.8666666666666667,0.8,0.9333333333333332,0.8400000000000001
112,613,Analyst,Rose,Chet,481.0,Product,Refinancing,"Mountain View, CA",35 - 44,M,white,Full time,6 months to less than 1 year,1,0.7333333333333334,0.7333333333333334,0.7333333333333334,0.76,0.8000000000000002,0.752
113,261,Senior Analyst,Carter,Cherish,481.0,Product,Refinancing,"Mountain View, CA",35 - 44,F,white,Full time,2 to less than 4 years,3,0.6666666666666666,0.8666666666666667,0.8666666666666667,0.8,0.9333333333333332,0.8266666666666668
114,615,Analyst,Moran,Kamilah,481.0,Product,Refinancing,"Mountain View, CA",35 - 44,F,white,Full time,6 months to less than 1 year,1,0.7333333333333334,0.5333333333333333,0.7999999999999999,0.8400000000000001,0.8000000000000002,0.7413333333333333
115,166,Analyst,Holmes,Peter,481.0,Product,Refinancing,"Mountain View, CA",55 - 64,M,mixed_race,Full time,2 to less than 4 years,3,0.8666666666666667,0.6666666666666666,0.7999999999999999,0.8,0.6666666666666666,0.7599999999999999
116,32,Analyst,Nguyen,Alexander,481.0,Product,Refinancing,"Mountain View, CA",35 - 44,M,asian,Full time,4 to less than 6 years,4,0.9333333333333332,0.9333333333333332,0.8000000000000002,0.9199999999999999,0.8666666666666667,0.8906666666666666
117,92,Analyst,Branch,Patrick,481.0,Product,Refinancing,"Mountain View, CA",35 - 44,M,african_american,Full time,4 to less than 6 years,4,0.8000000000000002,0.8000000000000002,0.6666666666666666,0.76,0.7333333333333334,0.7520000000000001
118,502,Senior Analyst,Vance,Regina,481.0,Product,Refinancing,"Mountain View, CA",55 - 64,F,mixed_race,Full time,1 to less than 2 years,2,0.7333333333333334,0.7333333333333334,0.6,0.72,0.6666666666666666,0.6906666666666668
119,497,Analyst,Phelps,Kenneth,481.0,Product,Refinancing,"Mountain View, CA",45 - 54,M,white,Full time,1 to less than 2 years,2,0.7333333333333334,0.7333333333333334,0.7333333333333334,0.8400000000000001,0.8666666666666667,0.7813333333333333
120,518,Product Manager,Andrade,Anthony,82.0,Product,New Home Purchase,"Mountain View, CA",35 - 44,M,white,Full time,1 to less than 2 years,2,0.8000000000000002,0.7333333333333334,0.8666666666666667,0.8400000000000001,0.8666666666666667,0.8213333333333335
121,464,Analyst,Jones,Sean,518.0,Product,New Home Purchase,"Mountain View, CA",25 - 34,M,african_american,Full time,1 to less than 2 years,2,0.7333333333333334,0.6666666666666666,0.7333333333333334,0.72,0.3333333333333333,0.6373333333333334
122,740,Analyst,Moore,Cedrick,518.0,Product,New Home Purchase,"Mountain View, CA",25 - 34,M,white,Full time,less than 6 months,0,0.7999999999999999,0.6666666666666666,0.9333333333333332,0.8800000000000001,0.8666666666666667,0.8293333333333333
123,522,Analyst,Bryant,Melinda,518.0,Product,New Home Purchase,"Mountain View, CA",35 - 44,F,white,Full time,1 to less than 2 years,2,0.6666666666666666,0.6666666666666666,0.8000000000000002,0.8400000000000001,0.7999999999999999,0.7546666666666667
124,290,Analyst,Brown,Theodore,518.0,Product,New Home Purchase,"Mountain View, CA",35 - 44,M,white,Full time,2 to less than 4 years,3,0.6666666666666666,0.6666666666666666,0.9333333333333332,0.8,0.7999999999999999,0.7733333333333332
125,408,Analyst,Salinas,Shane,518.0,Product,New Home Purchase,"Mountain View, CA",45 - 54,M,mixed_race,Full time,1 to less than 2 years,2,0.9333333333333332,0.8666666666666667,0.6,0.68,0.6,0.736
126,639,Analyst,Roberts,Travis,518.0,Product,New Home Purchase,"Mountain View, CA",35 - 44,M,african_american,Full time,6 months to less than 1 year,1,0.7333333333333334,0.7333333333333334,0.6,0.76,0.5333333333333333,0.672
127,572,Product Manager,Henderson,Sarah,82.0,Product,Realtor Portal,"Mountain View, CA",25 - 34,F,white,Full time,1 to less than 2 years,2,0.7999999999999999,0.8000000000000002,0.9333333333333332,0.8799999999999999,0.8666666666666667,0.8559999999999999
128,565,Analyst,Johnson,Steven,572.0,Product,Realtor Portal,"Mountain View, CA",35 - 44,M,white,Full time,1 to less than 2 years,2,0.7999999999999999,0.6666666666666666,0.8666666666666667,0.8400000000000001,0.8666666666666667,0.8079999999999998
129,252,Analyst,Munoz,Kurt,572.0,Product,Realtor Portal,"Mountain View, CA",35 - 44,M,hispanic,Full time,2 to less than 4 years,3,0.7333333333333334,0.7333333333333334,0.8000000000000002,0.7200000000000001,0.5333333333333333,0.7040000000000001
130,372,Analyst,May,Ray,572.0,Product,Realtor Portal,"Mountain View, CA",35 - 44,M,white,Full time,1 to less than 2 years,2,0.7333333333333334,0.6666666666666666,0.8666666666666667,0.8400000000000001,0.7999999999999999,0.7813333333333332
131,240,Analyst,Larsen,William,572.0,Product,Realtor Portal,"Mountain View, CA",35 - 44,M,white,Full time,2 to less than 4 years,3,0.6666666666666666,0.7333333333333334,0.8666666666666667,0.8400000000000001,0.8000000000000002,0.7813333333333333
132,54,Senior Analyst,Li,Shantel,572.0,Product,Realtor Portal,"Mountain View, CA",25 - 34,F,asian,Full time,4 to less than 6 years,4,0.8666666666666667,0.8000000000000002,0.9333333333333332,0.8400000000000001,1.0,0.8880000000000001
133,425,Product Manager,Smith,Ernest,82.0,Product,Lender Portal,"Mountain View, CA",25 - 34,M,white,Full time,1 to less than 2 years,2,0.6666666666666666,0.7333333333333334,0.9333333333333332,0.9199999999999999,0.8000000000000002,0.8106666666666665
134,62,Senior Analyst,Alvarez,Eric,425.0,Product,Lender Portal,"Mountain View, CA",25 - 34,M,hispanic,Full time,4 to less than 6 years,4,0.8666666666666667,0.8000000000000002,0.7333333333333334,0.8400000000000001,0.8666666666666667,0.8213333333333335
135,217,Analyst,Lin,Adam,425.0,Product,Lender Portal,"Mountain View, CA",45 - 54,M,asian,Full time,2 to less than 4 years,3,0.7333333333333334,0.7999999999999999,0.9333333333333332,0.76,0.7333333333333334,0.792
136,622,Analyst,Roberts,Sarina,425.0,Product,Lender Portal,"Mountain View, CA",35 - 44,F,white,Full time,6 months to less than 1 year,1,0.7999999999999999,0.7333333333333334,0.8666666666666667,0.76,0.8666666666666667,0.8053333333333335
137,698,Analyst,Wilson,Paul,425.0,Product,Lender Portal,"Mountain View, CA",35 - 44,M,white,Full time,less than 6 months,0,0.8000000000000002,0.6666666666666666,0.8666666666666667,0.8,0.8666666666666667,0.8
138,184,Analyst,Davis,Jefferson,425.0,Product,Lender Portal,"Mountain View, CA",45 - 54,M,white,Full time,2 to less than 4 years,3,0.7333333333333334,0.7333333333333334,1.0,0.8400000000000001,0.8000000000000002,0.8213333333333332
139,539,Senior Analyst,Salazar,Jessie,425.0,Product,Lender Portal,"Mountain View, CA",35 - 44,M,mixed_race,Full time,1 to less than 2 years,2,0.9333333333333332,0.6666666666666666,0.7333333333333334,0.7200000000000001,0.4666666666666666,0.704
140,263,Analyst,Holmes,Gary,425.0,Product,Lender Portal,"Mountain View, CA",55 - 64,M,white,Full time,2 to less than 4 years,3,0.8666666666666667,0.5333333333333333,0.7333333333333334,0.8799999999999999,0.7999999999999999,0.7626666666666666
141,60,Product Manager,Mcfarland,Steven,82.0,Product,Loan Officer Portal,"Mountain View, CA",35 - 44,M,african_american,Full time,4 to less than 6 years,4,0.9333333333333332,0.7333333333333334,0.9333333333333332,0.7200000000000001,0.8666666666666667,0.8373333333333333
142,233,Analyst,Li,Jason,60.0,Product,Loan Officer Portal,"Mountain View, CA",35 - 44,M,asian,Full time,2 to less than 4 years,3,0.7333333333333334,0.7333333333333334,0.8666666666666667,0.8,0.7333333333333334,0.7733333333333334
143,555,Analyst,Freeman,David,60.0,Product,Loan Officer Portal,"Mountain View, CA",35 - 44,M,white,Full time,1 to less than 2 years,2,0.7333333333333334,0.6666666666666666,0.7333333333333334,0.8,0.8000000000000002,0.7466666666666668
144,430,Analyst,Barnes,Peter,60.0,Product,Loan Officer Portal,"Mountain View, CA",45 - 54,M,white,Full time,1 to less than 2 years,2,0.6666666666666666,0.6666666666666666,0.8000000000000002,0.8,0.8666666666666667,0.76
145,88,Analyst,Arnold,Dustin,60.0,Product,Loan Officer Portal,"Mountain View, CA",25 - 34,M,white,Full time,4 to less than 6 years,4,0.7999999999999999,0.8666666666666667,0.9333333333333332,0.8800000000000001,0.8666666666666667,0.8693333333333332
146,85,Chief Designer,Hamilton,Dexter,82.0,Product,User Experience / User Interface,"New York, NY",25 - 34,M,african_american,Part time,4 to less than 6 years,4,0.8666666666666667,0.7333333333333334,0.7333333333333334,0.8,0.8000000000000002,0.7866666666666668
147,223,Designer,Delarosa,Christopher,85.0,Product,User Experience / User Interface,"New York, NY",45 - 54,M,hispanic,Full time,2 to less than 4 years,3,0.7999999999999999,0.7999999999999999,0.6666666666666666,0.72,0.6666666666666666,0.7306666666666666
148,285,Senior Designer,Randolph,Shane,85.0,Product,User Experience / User Interface,"New York, NY",35 - 44,M,white,Full time,2 to less than 4 years,3,0.7333333333333334,0.8666666666666667,0.6666666666666666,0.8400000000000001,0.7333333333333334,0.768
149,769,Designer,Kirby,Benjamin,85.0,Product,User Experience / User Interface,"New York, NY",25 - 34,M,white,Full time,less than 6 months,0,0.7333333333333334,0.6666666666666666,0.8000000000000002,0.8,0.8666666666666667,0.7733333333333333
150,346,Senior Designer,Smith,Tad,85.0,Product,User Experience / User Interface,"New York, NY",35 - 44,M,african_american,Full time,1 to less than 2 years,2,0.8000000000000002,0.6666666666666666,0.6666666666666666,0.6,0.6,0.6666666666666667
151,212,Designer,Lee,Kathyrn,85.0,Product,User Experience / User Interface,"New York, NY",25 - 34,F,white,Full time,2 to less than 4 years,3,0.7999999999999999,0.8000000000000002,0.8666666666666667,0.8400000000000001,0.8666666666666667,0.8346666666666668
152,764,Director of Business Development,Greene,Karen,225.0,Loan Operations,East Coast Lender Relations,"New York, NY",45 - 54,F,white,Full time,less than 6 months,0,0.8666666666666667,0.7333333333333334,0.7333333333333334,0.8,0.8666666666666667,0.8
153,437,Director of Business Development,Marsh,Cephus,225.0,Loan Operations,West Coast Lender Relations,"Mountain View, CA",35 - 44,M,white,Full time,1 to less than 2 years,2,0.8666666666666667,0.7333333333333334,0.8666666666666667,0.8400000000000001,0.9333333333333332,0.8480000000000001
154,453,Director of Business Development,Wallace,Debra,225.0,Loan Operations,Midwest Lender Relations,"Chicago, IL",55 - 64,F,white,Full time,1 to less than 2 years,2,0.7999999999999999,0.7333333333333334,0.6666666666666666,0.8,0.6,0.72
155,552,Manager of Engineering,Castro,Benjamin,260.0,Compliance,Back End,"Mountain View, CA",35 - 44,M,white,Full time,1 to less than 2 years,2,0.7333333333333334,0.6,0.8666666666666667,0.8400000000000001,0.9333333333333332,0.7946666666666666
156,597,Engineer,Crawford,Joseph,552.0,Compliance,Back End,"Mountain View, CA",35 - 44,M,white,Full time,6 months to less than 1 year,1,0.6666666666666666,0.6666666666666666,0.8000000000000002,0.76,0.8666666666666667,0.752
157,462,Engineer,Davis,Thomas,552.0,Compliance,Back End,"Mountain View, CA",45 - 54,M,african_american,Full time,1 to less than 2 years,2,0.6,0.6,0.7333333333333334,0.64,0.6666666666666666,0.6479999999999999
158,282,Senior Engineer,Hudson,Victor,552.0,Compliance,Back End,"Mountain View, CA",45 - 54,M,white,Part time,2 to less than 4 years,3,0.7333333333333334,0.5333333333333333,0.8666666666666667,0.8400000000000001,0.9333333333333332,0.7813333333333333
159,153,Engineer,Gibson,Christopher,552.0,Compliance,Back End,"Mountain View, CA",35 - 44,M,white,Full time,2 to less than 4 years,3,0.6666666666666666,0.7333333333333334,0.8666666666666667,0.8,0.8000000000000002,0.7733333333333333
160,254,Engineer,Lopez,Aaron,552.0,Compliance,Back End,"Mountain View, CA",35 - 44,M,hispanic,Part time,2 to less than 4 years,3,0.8000000000000002,0.7333333333333334,0.8000000000000002,0.7200000000000001,0.6666666666666666,0.7440000000000001
161,586,Engineer,Simmons,Julie,552.0,Compliance,Back End,"Mountain View, CA",55 - 64,F,white,Full time,1 to less than 2 years,2,0.7333333333333334,0.6,0.8666666666666667,0.8400000000000001,0.7333333333333334,0.7546666666666667
162,143,Engineer,Allen,Kendarrius,552.0,Compliance,Back End,"Mountain View, CA",18 - 24,M,african_american,Full time,2 to less than 4 years,3,0.8000000000000002,0.8000000000000002,0.8666666666666667,0.68,0.6,0.7493333333333334
163,628,Manager of Engineering,Norton,Rhonda,260.0,Compliance,Back End,"Mountain View, CA",65+,F,white,Full time,6 months to less than 1 year,1,0.6000000000000001,0.7333333333333334,0.9333333333333332,0.8400000000000001,0.7999999999999999,0.7813333333333332
164,229,Chief Engineer,Stafford,Federico,628.0,Compliance,Back End,"Mountain View, CA",45 - 54,M,african_american,Full time,2 to less than 4 years,3,0.8666666666666667,0.6666666666666666,0.6666666666666666,0.68,0.7333333333333334,0.7226666666666667
165,733,Engineer,Montes,Sharon,628.0,Compliance,Back End,"Mountain View, CA",45 - 54,F,hispanic,Full time,less than 6 months,0,0.6666666666666666,0.6666666666666666,0.6666666666666666,0.68,0.6,0.656
166,727,Chief Engineer,Miller,Anthony,628.0,Compliance,Back End,"Mountain View, CA",55 - 64,M,white,Full time,less than 6 months,0,0.8666666666666667,0.6666666666666666,0.7999999999999999,0.8400000000000001,1.0,0.8346666666666666
167,654,Engineer,Norris,Jordan,628.0,Compliance,Back End,"Mountain View, CA",35 - 44,M,african_american,Full time,6 months to less than 1 year,1,0.6666666666666666,0.6,0.5333333333333333,0.76,0.5333333333333333,0.6186666666666666
168,38,Engineer,Newton,Vivian,628.0,Compliance,Back End,"Mountain View, CA",55 - 64,F,white,Full time,4 to less than 6 years,4,0.8000000000000002,0.8000000000000002,0.7999999999999999,0.8800000000000001,0.9333333333333332,0.8426666666666668
169,610,Engineer,Poole,Susana,628.0,Compliance,Back End,"Mountain View, CA",55 - 64,F,african_american,Full time,6 months to less than 1 year,1,0.6666666666666666,0.6666666666666666,0.5333333333333333,0.64,0.3333333333333333,0.5680000000000001
170,357,Engineer,Meyer,Roberta,628.0,Compliance,Back End,"Mountain View, CA",55 - 64,F,white,Full time,1 to less than 2 years,2,0.5333333333333333,0.5333333333333333,0.8000000000000002,0.8400000000000001,0.8666666666666667,0.7146666666666668
171,585,Chief Engineer,James,Brandon,628.0,Compliance,Back End,"Mountain View, CA",35 - 44,M,white,Full time,1 to less than 2 years,2,0.7333333333333334,0.6000000000000001,0.9333333333333332,0.8400000000000001,0.8666666666666667,0.7946666666666666
172,546,Manager of Engineering,Torres,Alexander,68.0,Engineering,Algorithm Development,"Mountain View, CA",35 - 44,M,hispanic,Full time,1 to less than 2 years,2,0.7333333333333334,0.6666666666666666,0.7333333333333334,0.76,0.8666666666666667,0.752
173,354,Engineer,Cantu,Rylan,546.0,Engineering,Algorithm Development,"Mountain View, CA",18 - 24,M,mixed_race,Full time,1 to less than 2 years,2,0.6666666666666666,0.6,0.7333333333333334,0.6,0.7999999999999999,0.6799999999999999
174,318,Engineer,Delacruz,Luke,546.0,Engineering,Algorithm Development,"Mountain View, CA",25 - 34,M,asian,Part time,2 to less than 4 years,3,0.8666666666666667,0.5333333333333333,0.8666666666666667,0.8,0.8000000000000002,0.7733333333333333
175,15,Engineer,Ahmed,Melissa,546.0,Engineering,Algorithm Development,"Mountain View, CA",35 - 44,F,asian,Full time,4 to less than 6 years,4,1.0,0.7333333333333334,0.9333333333333332,0.8400000000000001,0.9333333333333332,0.8880000000000001
176,612,Engineer,Chen,Arlin,546.0,Engineering,Algorithm Development,"Mountain View, CA",35 - 44,M,asian,Full time,6 months to less than 1 year,1,0.7999999999999999,0.6000000000000001,0.7333333333333334,0.8,0.9333333333333332,0.7733333333333333
177,671,Engineer,Neal,David,546.0,Engineering,Algorithm Development,"Mountain View, CA",25 - 34,M,white,Part time,less than 6 months,0,0.7333333333333334,0.6,0.8666666666666667,0.8800000000000001,0.9333333333333332,0.8026666666666668
178,157,Engineer,Dejesus,John,546.0,Engineering,Algorithm Development,"Mountain View, CA",35 - 44,M,asian,Full time,2 to less than 4 years,3,0.9333333333333332,0.7333333333333334,0.6666666666666666,0.8,0.8000000000000002,0.7866666666666666
179,341,Senior Engineer,Thomas,Jeremy,546.0,Engineering,Algorithm Development,"Mountain View, CA",25 - 34,M,white,Full time,1 to less than 2 years,2,0.7333333333333334,0.7999999999999999,0.9333333333333332,0.8799999999999999,1.0,0.8693333333333332
180,21,Manager of Engineering,Mcconnell,Mercedes,68.0,Engineering,Algorithm Development,"Mountain View, CA",25 - 34,F,white,Part time,4 to less than 6 years,4,0.9333333333333332,0.6666666666666666,0.9333333333333332,0.9199999999999999,1.0,0.8906666666666666
181,706,Senior Engineer,Kim,Holly,21.0,Engineering,Algorithm Development,"Mountain View, CA",45 - 54,F,asian,Full time,less than 6 months,0,0.7333333333333334,0.6666666666666666,0.7999999999999999,0.8,0.7333333333333334,0.7466666666666667
182,549,Engineer,Wong,Justin,21.0,Engineering,Algorithm Development,"Mountain View, CA",25 - 34,M,asian,Full time,1 to less than 2 years,2,0.7999999999999999,0.6666666666666666,0.7333333333333334,0.76,0.8000000000000002,0.752
183,402,Senior Engineer,Wong,Garrett,21.0,Engineering,Algorithm Development,"Mountain View, CA",25 - 34,M,asian,Full time,1 to less than 2 years,2,0.8000000000000002,0.6666666666666666,0.7999999999999999,0.8400000000000001,0.9333333333333332,0.808
184,450,Senior Engineer,Li,Anthony,21.0,Engineering,Algorithm Development,"Mountain View, CA",35 - 44,M,asian,Full time,1 to less than 2 years,2,0.7999999999999999,0.6666666666666666,0.9333333333333332,0.8,0.7333333333333334,0.7866666666666667
185,424,Engineer,Wheeler,Gabriel,21.0,Engineering,Algorithm Development,"Mountain View, CA",18 - 24,M,white,Full time,1 to less than 2 years,2,0.9333333333333332,0.6,0.7999999999999999,0.8,0.9333333333333332,0.8133333333333332
186,664,Engineer,Howard,Robert,21.0,Engineering,Algorithm Development,"Mountain View, CA",55 - 64,M,white,Full time,6 months to less than 1 year,1,0.6666666666666666,0.6,0.8000000000000002,0.76,0.8666666666666667,0.7386666666666668
187,743,Engineer,Singh,Brent,21.0,Engineering,Algorithm Development,"Mountain View, CA",45 - 54,M,asian,Full time,less than 6 months,0,0.8000000000000002,0.6000000000000001,0.6666666666666666,0.76,0.8666666666666667,0.7386666666666668
188,47,Engineer,Le,Christopher,21.0,Engineering,Algorithm Development,"Mountain View, CA",45 - 54,M,asian,Full time,4 to less than 6 years,4,1.0,0.6666666666666666,0.9333333333333332,0.8,1.0,0.8799999999999999
189,673,Manager of Engineering,Kim,Julio,68.0,Engineering,Algorithm Development,"Mountain View, CA",45 - 54,M,asian,Full time,less than 6 months,0,0.7333333333333334,0.6666666666666666,0.8666666666666667,0.8,0.8666666666666667,0.7866666666666666
190,535,Senior Engineer,Lee,James,673.0,Engineering,Algorithm Development,"Mountain View, CA",35 - 44,M,asian,Full time,1 to less than 2 years,2,0.8666666666666667,0.7333333333333334,0.7999999999999999,0.76,0.7999999999999999,0.792
191,536,Engineer,Webb,Kenneth,673.0,Engineering,Algorithm Development,"Mountain View, CA",45 - 54,M,white,Full time,1 to less than 2 years,2,0.7333333333333334,0.6666666666666666,0.8666666666666667,0.8,0.9333333333333332,0.7999999999999999
192,319,Engineer,Pham,Leslie,673.0,Engineering,Algorithm Development,"Mountain View, CA",55 - 64,F,asian,Full time,1 to less than 2 years,2,0.8000000000000002,0.6666666666666666,0.7333333333333334,0.8,0.8000000000000002,0.76
193,651,Engineer,Patel,Jason,673.0,Engineering,Algorithm Development,"Mountain View, CA",35 - 44,M,asian,Full time,6 months to less than 1 year,1,0.7333333333333334,0.6666666666666666,0.7333333333333334,0.8,0.9333333333333332,0.7733333333333333
194,521,Senior Engineer,Adams,June,673.0,Engineering,Algorithm Development,"Mountain View, CA",35 - 44,F,white,Full time,1 to less than 2 years,2,0.8666666666666667,0.4666666666666666,0.6666666666666666,0.8799999999999999,0.8666666666666667,0.7493333333333333
195,390,Engineer,Wilson,Andrea,673.0,Engineering,Algorithm Development,"Mountain View, CA",45 - 54,F,white,Full time,1 to less than 2 years,2,0.8000000000000002,0.6666666666666666,0.8666666666666667,0.8400000000000001,0.9333333333333332,0.8213333333333335
196,551,Engineer,Vo,Tasha,673.0,Engineering,Algorithm Development,"Mountain View, CA",35 - 44,F,asian,Full time,1 to less than 2 years,2,0.8000000000000002,0.6666666666666666,0.8666666666666667,0.76,0.7999999999999999,0.7786666666666667
197,239,Engineer,Nguyen,Ernest,673.0,Engineering,Algorithm Development,"Mountain View, CA",55 - 64,M,asian,Part time,2 to less than 4 years,3,0.7999999999999999,0.6000000000000001,0.7999999999999999,0.8799999999999999,0.9333333333333332,0.8026666666666665
198,575,Engineer,Li,Scott,673.0,Engineering,Algorithm Development,"Mountain View, CA",25 - 34,M,asian,Full time,1 to less than 2 years,2,0.7999999999999999,0.6666666666666666,0.8666666666666667,0.76,0.8666666666666667,0.7919999999999999
199,712,Manager of Engineering,Pham,Deandre,68.0,Engineering,Algorithm Development,"Mountain View, CA",25 - 34,M,asian,Full time,less than 6 months,0,0.7333333333333334,0.7333333333333334,0.7999999999999999,0.8400000000000001,0.8666666666666667,0.7946666666666666
200,350,Engineer,Lee,Jerry,712.0,Engineering,Algorithm Development,"Mountain View, CA",35 - 44,M,asian,Full time,1 to less than 2 years,2,0.7333333333333334,0.6666666666666666,0.6666666666666666,0.8,0.8000000000000002,0.7333333333333333
201,701,Chief Engineer,Lee,Matthew,712.0,Engineering,Algorithm Development,"Mountain View, CA",35 - 44,M,asian,Full time,less than 6 months,0,0.8666666666666667,0.7333333333333334,0.7999999999999999,0.8,0.9333333333333332,0.8266666666666668
202,238,Engineer,Moon,Richard,712.0,Engineering,Algorithm Development,"Mountain View, CA",35 - 44,M,asian,Full time,2 to less than 4 years,3,0.8000000000000002,0.6666666666666666,0.7333333333333334,0.76,0.8000000000000002,0.752
203,393,Engineer,Macdonald,Tabatha,712.0,Engineering,Algorithm Development,"Mountain View, CA",35 - 44,F,white,Full time,1 to less than 2 years,2,0.7333333333333334,0.6666666666666666,0.9333333333333332,0.8799999999999999,0.9333333333333332,0.8293333333333333
204,557,Chief Engineer,Nguyen,Toshiba,712.0,Engineering,Algorithm Development,"Mountain View, CA",25 - 34,F,asian,Part time,1 to less than 2 years,2,0.7333333333333334,0.6,0.8666666666666667,0.8,0.8000000000000002,0.76
205,525,Engineer,Benton,David,712.0,Engineering,Algorithm Development,"Mountain View, CA",25 - 34,M,mixed_race,Full time,1 to less than 2 years,2,0.7333333333333334,0.5333333333333333,0.6666666666666666,0.68,0.7999999999999999,0.6826666666666666
206,213,Chief Engineer,Gray,Charles,712.0,Engineering,Algorithm Development,"Mountain View, CA",55 - 64,M,white,Full time,2 to less than 4 years,3,0.9333333333333332,0.7333333333333334,0.8666666666666667,0.8,0.8666666666666667,0.8399999999999999
207,421,Manager of Engineering,Davis,Matthew,68.0,Engineering,Algorithm Development,"Mountain View, CA",18 - 24,M,white,Full time,1 to less than 2 years,2,0.7333333333333334,0.6,1.0,0.8799999999999999,0.9333333333333332,0.8293333333333333
208,65,Engineer,Roy,Barbra,421.0,Engineering,Algorithm Development,"Mountain View, CA",35 - 44,F,asian,Full time,4 to less than 6 years,4,0.8666666666666667,0.8666666666666667,0.9333333333333332,0.8400000000000001,1.0,0.9013333333333333
209,414,Engineer,Ali,Tracey,421.0,Engineering,Algorithm Development,"Mountain View, CA",35 - 44,M,asian,Full time,1 to less than 2 years,2,0.7333333333333334,0.4666666666666666,0.6666666666666666,0.76,0.8000000000000002,0.6853333333333335
210,322,Engineer,Chen,Amanda,421.0,Engineering,Algorithm Development,"Mountain View, CA",35 - 44,F,asian,Full time,1 to less than 2 years,2,0.7999999999999999,0.7333333333333334,0.7999999999999999,0.8400000000000001,0.8666666666666667,0.8079999999999998
211,643,Chief Engineer,Kim,Paul,421.0,Engineering,Algorithm Development,"Mountain View, CA",55 - 64,M,asian,Full time,6 months to less than 1 year,1,0.8000000000000002,0.6,0.8666666666666667,0.8400000000000001,0.9333333333333332,0.808
212,249,Engineer,Singh,Gerald,421.0,Engineering,Algorithm Development,"Mountain View, CA",45 - 54,M,asian,Full time,2 to less than 4 years,3,0.9333333333333332,0.6666666666666666,0.7999999999999999,0.8,0.8666666666666667,0.8133333333333332
213,511,Chief Engineer,Tran,Steven,421.0,Engineering,Algorithm Development,"Mountain View, CA",25 - 34,M,asian,Full time,1 to less than 2 years,2,0.8000000000000002,0.6,0.7999999999999999,0.8,0.8000000000000002,0.76
214,257,Chief Engineer,Nixon,Luis,421.0,Engineering,Algorithm Development,"Mountain View, CA",35 - 44,M,white,Full time,2 to less than 4 years,3,0.8666666666666667,0.6,0.9333333333333332,0.8400000000000001,0.9333333333333332,0.8346666666666668
215,746,Engineer,Roman,Kurt,421.0,Engineering,Algorithm Development,"Mountain View, CA",35 - 44,M,white,Full time,less than 6 months,0,0.8000000000000002,0.7333333333333334,0.9333333333333332,0.8799999999999999,0.8666666666666667,0.8426666666666666
216,411,Engineer,Roberts,Judy,421.0,Engineering,Algorithm Development,"Mountain View, CA",45 - 54,F,white,Full time,1 to less than 2 years,2,0.6666666666666666,0.6,0.8000000000000002,0.8,0.8666666666666667,0.7466666666666668
217,676,Manager of Engineering,Wilson,Gabriel,326.0,Engineering,Front End,"Mountain View, CA",35 - 44,M,white,Full time,less than 6 months,0,0.7333333333333334,0.8000000000000002,0.7999999999999999,0.8800000000000001,1.0,0.8426666666666668
218,640,Senior Engineer,Pham,Shawn,676.0,Engineering,Front End,"Mountain View, CA",35 - 44,M,asian,Full time,6 months to less than 1 year,1,0.8666666666666667,0.6666666666666666,0.7333333333333334,0.8,0.6666666666666666,0.7466666666666666
219,589,Engineer,Thomas,Jason,676.0,Engineering,Front End,"Mountain View, CA",35 - 44,M,white,Full time,1 to less than 2 years,2,0.7333333333333334,0.7333333333333334,0.8000000000000002,0.9199999999999999,0.9333333333333332,0.8240000000000001
220,605,Engineer,Kim,Duane,676.0,Engineering,Front End,"Mountain View, CA",55 - 64,M,asian,Full time,6 months to less than 1 year,1,0.8000000000000002,0.6,0.7333333333333334,0.8400000000000001,0.7333333333333334,0.7413333333333334
221,665,Engineer,Peralta,Mia,676.0,Engineering,Front End,"Mountain View, CA",18 - 24,F,asian,Full time,6 months to less than 1 year,1,0.8000000000000002,0.6,0.7333333333333334,0.76,0.9333333333333332,0.7653333333333333
222,590,Engineer,Mccormick,Travis,676.0,Engineering,Front End,"Mountain View, CA",25 - 34,M,white,Full time,1 to less than 2 years,2,0.8666666666666667,0.5333333333333333,0.8000000000000002,0.8,0.9333333333333332,0.7866666666666666
223,717,Engineer,Huang,Loren,676.0,Engineering,Front End,"Mountain View, CA",25 - 34,M,asian,Full time,less than 6 months,0,0.6666666666666666,0.6666666666666666,0.7333333333333334,0.8400000000000001,0.8000000000000002,0.7413333333333333
224,443,Engineer,Chen,Peter,676.0,Engineering,Front End,"Mountain View, CA",25 - 34,M,asian,Part time,1 to less than 2 years,2,0.7999999999999999,0.6,0.8000000000000002,0.76,0.8666666666666667,0.7653333333333333
225,542,Engineer,Golden,Juan,676.0,Engineering,Front End,"Mountain View, CA",35 - 44,M,white,Full time,1 to less than 2 years,2,0.6666666666666666,0.5333333333333333,0.7999999999999999,0.8400000000000001,0.9333333333333332,0.7546666666666666
226,723,Engineer,Anderson,Joshua,676.0,Engineering,Front End,"Mountain View, CA",25 - 34,M,white,Full time,less than 6 months,0,0.8666666666666667,0.7333333333333334,0.8666666666666667,0.8400000000000001,1.0,0.8613333333333333
227,571,Engineer,Dean,Joseph,676.0,Engineering,Front End,"Mountain View, CA",35 - 44,M,white,Full time,1 to less than 2 years,2,0.7333333333333334,0.7333333333333334,0.8666666666666667,0.8799999999999999,0.8666666666666667,0.8160000000000001
228,292,Senior Engineer,Lin,Sean,676.0,Engineering,Front End,"Mountain View, CA",18 - 24,M,asian,Full time,2 to less than 4 years,3,0.7333333333333334,0.5333333333333333,0.8000000000000002,0.76,0.8666666666666667,0.7386666666666668
229,440,Engineer,Bell,Kirsten,676.0,Engineering,Front End,"Mountain View, CA",25 - 34,F,white,Full time,1 to less than 2 years,2,0.7333333333333334,0.6,0.8666666666666667,0.8799999999999999,0.8666666666666667,0.7893333333333333
230,103,Manager of Engineering,Murphy,Dora,326.0,Engineering,Front End,"Mountain View, CA",35 - 44,F,african_american,Full time,4 to less than 6 years,4,0.8666666666666667,0.6666666666666666,0.8666666666666667,0.76,0.7999999999999999,0.792
231,386,Senior Engineer,Weeks,Timothy,103.0,Engineering,Front End,"Mountain View, CA",55 - 64,M,white,Full time,1 to less than 2 years,2,0.8000000000000002,0.6,0.8666666666666667,0.8800000000000001,0.8000000000000002,0.7893333333333333
232,501,Senior Engineer,Patel,Osvaldo,103.0,Engineering,Front End,"Mountain View, CA",18 - 24,M,asian,Full time,1 to less than 2 years,2,0.7999999999999999,0.5333333333333333,0.8666666666666667,0.76,0.7333333333333334,0.7386666666666667
233,477,Engineer,Lee,Eric,103.0,Engineering,Front End,"Mountain View, CA",35 - 44,M,asian,Full time,1 to less than 2 years,2,0.8666666666666667,0.6,0.7333333333333334,0.8,0.7999999999999999,0.76
234,160,Engineer,George,Nathan,103.0,Engineering,Front End,"Mountain View, CA",25 - 34,M,asian,Full time,2 to less than 4 years,3,0.9333333333333332,0.7333333333333334,0.7333333333333334,0.8400000000000001,0.8000000000000002,0.808
235,446,Chief Engineer,Vo,Chad,103.0,Engineering,Front End,"Mountain View, CA",35 - 44,M,asian,Full time,1 to less than 2 years,2,0.7999999999999999,0.6666666666666666,0.8666666666666667,0.8,0.9333333333333332,0.8133333333333332
236,457,Engineer,Garcia,Hunter,103.0,Engineering,Front End,"Mountain View, CA",25 - 34,M,hispanic,Full time,1 to less than 2 years,2,0.7333333333333334,0.6,0.7999999999999999,0.76,0.6666666666666666,0.712
237,171,Engineer,Monroe,Jenny,103.0,Engineering,Front End,"Mountain View, CA",35 - 44,F,white,Full time,2 to less than 4 years,3,0.7333333333333334,0.6,1.0,0.8400000000000001,0.9333333333333332,0.8213333333333335
238,112,Engineer,Carter,Donald,103.0,Engineering,Front End,"Mountain View, CA",25 - 34,M,white,Full time,4 to less than 6 years,4,0.8000000000000002,0.8000000000000002,0.9333333333333332,0.8800000000000001,1.0,0.8826666666666668
239,617,Manager of Engineering,Nguyen,Alvaro,326.0,Engineering,Front End,"Mountain View, CA",18 - 24,M,asian,Full time,6 months to less than 1 year,1,0.8666666666666667,0.6,0.7333333333333334,0.76,0.7333333333333334,0.7386666666666667
240,719,Engineer,Romero,Melissa,617.0,Engineering,Front End,"Mountain View, CA",25 - 34,F,white,Full time,less than 6 months,0,0.7999999999999999,0.5333333333333333,0.9333333333333332,0.8400000000000001,0.9333333333333332,0.808
241,492,Engineer,Roy,Phillip,617.0,Engineering,Front End,"Mountain View, CA",35 - 44,M,asian,Full time,1 to less than 2 years,2,0.8000000000000002,0.7333333333333334,0.7333333333333334,0.8,0.9333333333333332,0.8000000000000002
242,131,Senior Engineer,Ali,Nathan,617.0,Engineering,Front End,"Mountain View, CA",18 - 24,M,white,Part time,2 to less than 4 years,3,0.9333333333333332,0.7333333333333334,0.9333333333333332,0.8799999999999999,1.0,0.8959999999999999
243,78,Engineer,Lee,Brian,617.0,Engineering,Front End,"Mountain View, CA",25 - 34,M,asian,Full time,4 to less than 6 years,4,0.9333333333333332,0.6666666666666666,0.7999999999999999,0.8400000000000001,0.9333333333333332,0.8346666666666668
244,98,Engineer,Woodward,Daniel,617.0,Engineering,Front End,"Mountain View, CA",35 - 44,M,white,Full time,4 to less than 6 years,4,0.7333333333333334,0.7333333333333334,0.9333333333333332,0.8799999999999999,1.0,0.8559999999999999
245,704,Engineer,Santos,Javon,617.0,Engineering,Front End,"Mountain View, CA",35 - 44,M,white,Full time,less than 6 months,0,0.8666666666666667,0.6666666666666666,0.7999999999999999,0.8799999999999999,1.0,0.8426666666666666
246,362,Engineer,Patterson,Enrique,617.0,Engineering,Front End,"Mountain View, CA",35 - 44,M,white,Full time,1 to less than 2 years,2,0.7333333333333334,0.5333333333333333,0.8000000000000002,0.8400000000000001,0.9333333333333332,0.768
247,687,Engineer,Anderson,Tangela,617.0,Engineering,Front End,"Mountain View, CA",35 - 44,F,white,Part time,less than 6 months,0,0.8000000000000002,0.5333333333333333,0.8666666666666667,0.8799999999999999,0.9333333333333332,0.8026666666666668
248,173,Engineer,Patel,Richard,617.0,Engineering,Front End,"Mountain View, CA",35 - 44,M,asian,Full time,2 to less than 4 years,3,0.7333333333333334,0.6666666666666666,0.8666666666666667,0.8,0.8666666666666667,0.7866666666666666
249,310,Engineer,Mendoza,Paul,617.0,Engineering,Front End,"Mountain View, CA",55 - 64,M,hispanic,Full time,2 to less than 4 years,3,0.7333333333333334,0.5333333333333333,0.6666666666666666,0.8,0.7333333333333334,0.6933333333333334
250,756,Manager of Engineering,Tran,Dylan,149.0,Engineering,Security,"Mountain View, CA",25 - 34,M,asian,Part time,less than 6 months,0,0.8666666666666667,0.6666666666666666,0.9333333333333332,0.8400000000000001,0.8000000000000002,0.8213333333333332
251,766,Engineer,Nguyen,Jason,756.0,Engineering,Security,"Mountain View, CA",35 - 44,M,asian,Full time,less than 6 months,0,0.7999999999999999,0.5333333333333333,0.6666666666666666,0.8799999999999999,0.8000000000000002,0.736
252,761,Senior Engineer,Tran,Kurtis,756.0,Engineering,Security,"Mountain View, CA",25 - 34,M,asian,Full time,less than 6 months,0,0.8000000000000002,0.7333333333333334,0.8000000000000002,0.8400000000000001,0.8000000000000002,0.7946666666666669
253,656,Engineer,Williams,Charles,756.0,Engineering,Security,"Mountain View, CA",35 - 44,M,white,Full time,6 months to less than 1 year,1,0.7333333333333334,0.6666666666666666,0.8666666666666667,0.8799999999999999,0.8000000000000002,0.7893333333333333
254,128,Engineer,Carpenter,Stormy,756.0,Engineering,Security,"Mountain View, CA",18 - 24,M,white,Part time,2 to less than 4 years,3,0.7999999999999999,0.5333333333333333,0.8666666666666667,0.8799999999999999,1.0,0.8160000000000001
255,537,Manager of Engineering,Lee,Margaret,149.0,Engineering,Security,"Mountain View, CA",55 - 64,F,white,Full time,1 to less than 2 years,2,0.7333333333333334,0.6666666666666666,0.8666666666666667,0.8400000000000001,0.8666666666666667,0.7946666666666666
256,515,Senior Engineer,Silva,Benjamin,537.0,Engineering,Security,"Mountain View, CA",35 - 44,M,hispanic,Full time,1 to less than 2 years,2,0.8000000000000002,0.7333333333333334,0.7999999999999999,0.76,0.6666666666666666,0.752
257,383,Engineer,Villanueva,Justin,537.0,Engineering,Security,"Mountain View, CA",25 - 34,M,asian,Part time,1 to less than 2 years,2,0.7333333333333334,0.6000000000000001,0.7999999999999999,0.8,0.8666666666666667,0.76
258,722,Engineer,Wu,William,537.0,Engineering,Security,"Mountain View, CA",35 - 44,M,asian,Full time,less than 6 months,0,0.7333333333333334,0.8000000000000002,0.6,0.68,0.8000000000000002,0.7226666666666668
259,192,Engineer,Nguyen,Shane,537.0,Engineering,Security,"Mountain View, CA",25 - 34,M,asian,Full time,2 to less than 4 years,3,0.8666666666666667,0.4666666666666666,0.7999999999999999,0.8,0.8666666666666667,0.76
260,94,Senior Engineer,Nguyen,Luke,537.0,Engineering,Security,"Mountain View, CA",35 - 44,M,asian,Full time,4 to less than 6 years,4,0.8666666666666667,0.7333333333333334,0.9333333333333332,0.8400000000000001,0.8666666666666667,0.8480000000000001
261,679,Engineer,Ho,Jordan,537.0,Engineering,Security,"Mountain View, CA",35 - 44,M,asian,Full time,less than 6 months,0,0.6666666666666666,0.6666666666666666,0.7333333333333334,0.8400000000000001,0.8000000000000002,0.7413333333333333
262,365,Manager of Engineering,Lee,Natasha,580.0,Engineering,Full Stack,"Mountain View, CA",18 - 24,F,asian,Full time,1 to less than 2 years,2,0.7333333333333334,0.7333333333333334,0.7999999999999999,0.8400000000000001,0.8666666666666667,0.7946666666666666
263,297,Chief Engineer,Nguyen,Mark,365.0,Engineering,Full Stack,"Mountain View, CA",45 - 54,M,asian,Full time,2 to less than 4 years,3,0.8000000000000002,0.8000000000000002,0.8000000000000002,0.8400000000000001,0.7999999999999999,0.808
264,400,Senior Engineer,Wu,Steve,365.0,Engineering,Full Stack,"Mountain View, CA",35 - 44,M,asian,Full time,1 to less than 2 years,2,0.7333333333333334,0.7333333333333334,0.7333333333333334,0.76,0.8666666666666667,0.7653333333333333
265,415,Senior Engineer,Ali,Jeffrey,365.0,Engineering,Full Stack,"Mountain View, CA",25 - 34,M,asian,Full time,1 to less than 2 years,2,0.8666666666666667,0.6,0.7333333333333334,0.76,0.8000000000000002,0.752
266,475,Engineer,Hansen,Rhett,365.0,Engineering,Full Stack,"Mountain View, CA",25 - 34,M,mixed_race,Full time,1 to less than 2 years,2,0.7999999999999999,0.7333333333333334,0.6666666666666666,0.76,0.7999999999999999,0.752
267,186,Engineer,Miller,Andy,365.0,Engineering,Full Stack,"Mountain View, CA",25 - 34,M,white,Full time,2 to less than 4 years,3,0.8666666666666667,0.5333333333333333,0.9333333333333332,0.8400000000000001,0.9333333333333332,0.8213333333333332
268,345,Engineer,Rogers,Cody,365.0,Engineering,Full Stack,"Mountain View, CA",25 - 34,M,white,Full time,1 to less than 2 years,2,0.7333333333333334,0.6666666666666666,0.9333333333333332,0.8,0.8666666666666667,0.7999999999999999
269,434,Engineer,Yates,Austin,365.0,Engineering,Full Stack,"Mountain View, CA",18 - 24,M,white,Full time,1 to less than 2 years,2,0.6,0.6,0.8666666666666667,0.8,0.9333333333333332,0.7599999999999999
270,30,Engineer,Kim,Aaron,365.0,Engineering,Full Stack,"Mountain View, CA",35 - 44,M,asian,Full time,4 to less than 6 years,4,0.9333333333333332,0.8000000000000002,0.7333333333333334,0.8400000000000001,1.0,0.8613333333333333
271,559,Engineer,Simon,Judah,365.0,Engineering,Full Stack,"Mountain View, CA",18 - 24,M,hispanic,Part time,1 to less than 2 years,2,0.7333333333333334,0.6,0.6666666666666666,0.76,0.8000000000000002,0.712
272,209,Manager of Engineering,Xiong,Israel,580.0,Engineering,Full Stack,"Mountain View, CA",45 - 54,M,asian,Full time,2 to less than 4 years,3,0.7999999999999999,0.7333333333333334,0.7333333333333334,0.8,0.8666666666666667,0.7866666666666666
273,58,Chief Engineer,Leon,David,209.0,Engineering,Full Stack,"Mountain View, CA",55 - 64,M,white,Full time,4 to less than 6 years,4,0.9333333333333332,0.7333333333333334,1.0,0.9199999999999999,1.0,0.9173333333333332
274,293,Engineer,Lee,Tiffany,209.0,Engineering,Full Stack,"Mountain View, CA",25 - 34,F,asian,Full time,2 to less than 4 years,3,0.6666666666666666,0.7333333333333334,0.9333333333333332,0.72,0.8666666666666667,0.7839999999999999
275,79,Engineer,Holmes,Randy,209.0,Engineering,Full Stack,"Mountain View, CA",45 - 54,M,white,Full time,4 to less than 6 years,4,0.8666666666666667,0.6666666666666666,0.9333333333333332,0.8799999999999999,1.0,0.8693333333333332
276,661,Engineer,Perry,John,209.0,Engineering,Full Stack,"Mountain View, CA",35 - 44,M,african_american,Full time,6 months to less than 1 year,1,0.7333333333333334,0.7999999999999999,0.5333333333333333,0.72,0.9333333333333332,0.7439999999999999
277,216,Engineer,Lu,Christopher,209.0,Engineering,Full Stack,"Mountain View, CA",35 - 44,M,asian,Full time,2 to less than 4 years,3,0.7333333333333334,0.7999999999999999,0.6666666666666666,0.8400000000000001,0.8666666666666667,0.7813333333333333
278,620,Engineer,Bennett,Jordan,209.0,Engineering,Full Stack,"Mountain View, CA",25 - 34,F,white,Full time,6 months to less than 1 year,1,0.8000000000000002,0.6,0.7999999999999999,0.8400000000000001,0.9333333333333332,0.7946666666666666
279,422,Senior Engineer,Young,William,209.0,Engineering,Full Stack,"Mountain View, CA",25 - 34,M,white,Full time,1 to less than 2 years,2,0.9333333333333332,0.6,0.9333333333333332,0.8400000000000001,0.9333333333333332,0.8480000000000001
280,332,Chief Engineer,Barrett,Travis,209.0,Engineering,Full Stack,"Mountain View, CA",35 - 44,M,white,Full time,1 to less than 2 years,2,0.8666666666666667,0.7333333333333334,0.9333333333333332,0.8799999999999999,0.9333333333333332,0.8693333333333333
281,375,Senior Engineer,Simon,Andrea,209.0,Engineering,Full Stack,"Mountain View, CA",35 - 44,F,white,Full time,1 to less than 2 years,2,0.7333333333333334,0.6666666666666666,0.7999999999999999,0.8400000000000001,0.8666666666666667,0.7813333333333333
282,177,Engineer,Li,Keith,209.0,Engineering,Full Stack,"Mountain View, CA",35 - 44,M,asian,Part time,2 to less than 4 years,3,0.8666666666666667,0.5333333333333333,0.7333333333333334,0.8400000000000001,0.8000000000000002,0.7546666666666668
283,329,Manager of Engineering,George,Thomas,580.0,Engineering,Full Stack,"Mountain View, CA",25 - 34,M,asian,Full time,1 to less than 2 years,2,0.8666666666666667,0.7333333333333334,0.6666666666666666,0.8400000000000001,0.8000000000000002,0.7813333333333333
284,121,Engineer,Yang,Andrew,329.0,Engineering,Full Stack,"Mountain View, CA",45 - 54,M,asian,Part time,2 to less than 4 years,3,0.8000000000000002,0.6,0.8000000000000002,0.8799999999999999,0.8666666666666667,0.7893333333333333
285,227,Engineer,Li,Daniel,329.0,Engineering,Full Stack,"Mountain View, CA",35 - 44,M,asian,Full time,2 to less than 4 years,3,0.7333333333333334,0.6666666666666666,0.7333333333333334,0.76,0.8000000000000002,0.7386666666666668
286,607,Chief Engineer,David,Joseph,329.0,Engineering,Full Stack,"Mountain View, CA",25 - 34,M,asian,Full time,6 months to less than 1 year,1,0.8000000000000002,0.7333333333333334,0.7333333333333334,0.8,0.8666666666666667,0.7866666666666668
287,348,Senior Engineer,Bender,Hilda,329.0,Engineering,Full Stack,"Mountain View, CA",35 - 44,F,white,Full time,1 to less than 2 years,2,0.8000000000000002,0.7333333333333334,0.8666666666666667,0.8,0.9333333333333332,0.8266666666666668
288,24,Senior Engineer,Martin,Jane,329.0,Engineering,Full Stack,"Mountain View, CA",55 - 64,F,white,Full time,4 to less than 6 years,4,0.9333333333333332,0.8666666666666667,0.9333333333333332,0.9199999999999999,1.0,0.9306666666666665
289,61,Engineer,David,Zachary,329.0,Engineering,Full Stack,"Mountain View, CA",25 - 34,M,asian,Full time,4 to less than 6 years,4,1.0,0.8000000000000002,0.8000000000000002,0.8400000000000001,0.9333333333333332,0.8746666666666668
290,461,Engineer,Norman,Jacob,329.0,Engineering,Full Stack,"Mountain View, CA",35 - 44,M,white,Part time,1 to less than 2 years,2,0.7333333333333334,0.4666666666666666,0.9333333333333332,0.8400000000000001,1.0,0.7946666666666667
291,336,Engineer,David,Daniela,329.0,Engineering,Full Stack,"Mountain View, CA",25 - 34,F,asian,Full time,1 to less than 2 years,2,0.6666666666666666,0.6666666666666666,0.8000000000000002,0.8,0.8000000000000002,0.7466666666666668
292,196,Engineer,Jones,Andrew,329.0,Engineering,Full Stack,"Mountain View, CA",25 - 34,M,white,Part time,2 to less than 4 years,3,0.7999999999999999,0.6666666666666666,0.9333333333333332,0.8400000000000001,1.0,0.8480000000000001
293,273,Engineer,Sanders,Amanda,329.0,Engineering,Full Stack,"Mountain View, CA",35 - 44,F,white,Full time,2 to less than 4 years,3,0.7333333333333334,0.5333333333333333,0.8666666666666667,0.8400000000000001,0.8666666666666667,0.768
294,236,Treasurer,Lee,Daniel,183.0,Loan Operations,Finance,"Mountain View, CA",55 - 64,M,asian,Part time,2 to less than 4 years,3,0.7333333333333334,0.5333333333333333,0.7999999999999999,0.76,0.7333333333333334,0.712
295,278,Financial Analyst,Yang,Julie,236.0,Loan Operations,Finance,"Mountain View, CA",55 - 64,F,asian,Full time,2 to less than 4 years,3,0.7333333333333334,0.6,0.6666666666666666,0.8,0.8000000000000002,0.72
296,376,Financial Analyst,Brooks,Ryan,236.0,Loan Operations,Finance,"Mountain View, CA",25 - 34,M,white,Full time,1 to less than 2 years,2,0.7333333333333334,0.5333333333333333,0.6666666666666666,0.8400000000000001,0.8000000000000002,0.7146666666666668
297,396,Financial Analyst,Oconnor,Eric,236.0,Loan Operations,Finance,"Mountain View, CA",45 - 54,M,white,Full time,1 to less than 2 years,2,0.8666666666666667,0.6666666666666666,0.7333333333333334,0.8,0.7333333333333334,0.76
298,505,Financial Analyst,Campbell,Kala,236.0,Loan Operations,Finance,"Mountain View, CA",35 - 44,F,mixed_race,Full time,1 to less than 2 years,2,0.6666666666666666,0.5333333333333333,0.4666666666666666,0.68,0.7333333333333334,0.616
299,359,Financial Analyst,Reynolds,Mike,236.0,Loan Operations,Finance,"Mountain View, CA",55 - 64,M,white,Part time,1 to less than 2 years,2,0.8666666666666667,0.6,0.8666666666666667,0.8,0.9333333333333332,0.8133333333333335
300,721,Financial Analyst,Johnson,Sondra,236.0,Loan Operations,Finance,"Mountain View, CA",55 - 64,F,white,Full time,less than 6 months,0,0.7999999999999999,0.5333333333333333,0.7333333333333334,0.8400000000000001,0.8666666666666667,0.7546666666666666
301,666,Senior Financial Analyst,Vaughn,Jackson,236.0,Loan Operations,Finance,"Mountain View, CA",18 - 24,M,white,Full time,6 months to less than 1 year,1,0.7333333333333334,0.6,0.7333333333333334,0.8799999999999999,0.8000000000000002,0.7493333333333334
302,234,Controller,Ponce,Tyrone,183.0,Loan Operations,Finance,"Mountain View, CA",55 - 64,M,mixed_race,Full time,2 to less than 4 years,3,0.8000000000000002,0.6666666666666666,0.6666666666666666,0.7200000000000001,0.7333333333333334,0.7173333333333334
303,449,Accountant,Diaz,Daniel,234.0,Loan Operations,Finance,"Mountain View, CA",45 - 54,M,hispanic,Part time,1 to less than 2 years,2,0.7333333333333334,0.6000000000000001,0.6,0.64,0.6000000000000001,0.6346666666666667
304,232,Accountant,George,Aristeo,234.0,Loan Operations,Finance,"Mountain View, CA",18 - 24,M,white,Part time,2 to less than 4 years,3,0.8000000000000002,0.7333333333333334,0.8666666666666667,0.8400000000000001,1.0,0.8480000000000001
305,270,Accountant,Hawkins,Nicole,234.0,Loan Operations,Finance,"Mountain View, CA",25 - 34,F,mixed_race,Full time,2 to less than 4 years,3,0.6666666666666666,0.6,0.6,0.68,0.6,0.6293333333333334
306,327,Accountant,Leonard,Melinda,234.0,Loan Operations,Finance,"Mountain View, CA",25 - 34,F,white,Part time,1 to less than 2 years,2,0.6666666666666666,0.4666666666666666,0.6666666666666666,0.8,0.8666666666666667,0.6933333333333332
307,96,Accountant,Bell,Chad,234.0,Loan Operations,Finance,"Mountain View, CA",35 - 44,M,white,Part time,4 to less than 6 years,4,0.8000000000000002,0.6000000000000001,0.9333333333333332,0.8400000000000001,1.0,0.8346666666666668
308,751,Manager of Underwriting,Xiong,Blake,531.0,Finance & Admin,Underwriting,"Mountain View, CA",25 - 34,M,asian,Part time,less than 6 months,0,0.8666666666666667,0.6000000000000001,0.6666666666666666,0.8400000000000001,0.9333333333333332,0.7813333333333333
309,468,Senior Underwriter,Dean,Clara,751.0,Finance & Admin,Underwriting,"Mountain View, CA",25 - 34,F,white,Part time,1 to less than 2 years,2,0.7333333333333334,0.6,0.8666666666666667,0.8400000000000001,0.9333333333333332,0.7946666666666666
310,141,Underwriter,Delacruz,Brooke,751.0,Finance & Admin,Underwriting,"Mountain View, CA",35 - 44,F,asian,Full time,2 to less than 4 years,3,0.6666666666666666,0.7333333333333334,0.7999999999999999,0.76,0.7333333333333334,0.7386666666666667
311,281,Underwriter,Palmer,Mont,751.0,Finance & Admin,Underwriting,"Mountain View, CA",55 - 64,M,white,Part time,2 to less than 4 years,3,0.7999999999999999,0.6,0.6666666666666666,0.8799999999999999,0.9333333333333332,0.7759999999999999
312,431,Underwriter,Conway,Kathryn,751.0,Finance & Admin,Underwriting,"Mountain View, CA",25 - 34,F,white,Full time,1 to less than 2 years,2,0.6666666666666666,0.7333333333333334,0.9333333333333332,0.8400000000000001,0.8666666666666667,0.8079999999999998
313,476,Senior Underwriter,Flores,Tamika,751.0,Finance & Admin,Underwriting,"Mountain View, CA",25 - 34,F,hispanic,Full time,1 to less than 2 years,2,0.7333333333333334,0.6,0.7333333333333334,0.64,0.6666666666666666,0.6746666666666667
314,95,Underwriter,Tucker,Mitchell,751.0,Finance & Admin,Underwriting,"Mountain View, CA",25 - 34,M,white,Full time,4 to less than 6 years,4,0.7999999999999999,0.6666666666666666,0.8666666666666667,0.8400000000000001,1.0,0.8346666666666666
315,331,Underwriter,Phelps,Kathy,751.0,Finance & Admin,Underwriting,"Mountain View, CA",45 - 54,F,mixed_race,Full time,1 to less than 2 years,2,0.6666666666666666,0.6666666666666666,0.8000000000000002,0.68,0.6666666666666666,0.696
316,44,Manager of Underwriting,Lee,Tony,531.0,Finance & Admin,Underwriting,"Mountain View, CA",25 - 34,M,asian,Full time,4 to less than 6 years,4,0.8666666666666667,0.8666666666666667,0.9333333333333332,0.9199999999999999,0.9333333333333332,0.9039999999999999
317,428,Underwriter,Scott,Devon,44.0,Finance & Admin,Underwriting,"Mountain View, CA",25 - 34,M,white,Full time,1 to less than 2 years,2,0.6666666666666666,0.6,0.8666666666666667,0.8,0.8000000000000002,0.7466666666666668
318,636,Underwriter,Edwards,Steven,44.0,Finance & Admin,Underwriting,"Mountain View, CA",35 - 44,M,white,Full time,6 months to less than 1 year,1,0.7333333333333334,0.6666666666666666,0.8666666666666667,0.8400000000000001,0.8666666666666667,0.7946666666666666
319,749,Underwriter,Thomas,Kimberly,44.0,Finance & Admin,Underwriting,"Mountain View, CA",55 - 64,F,white,Full time,less than 6 months,0,0.7333333333333334,0.7333333333333334,0.7333333333333334,0.8400000000000001,0.8000000000000002,0.768
320,276,Underwriter,Lee,Michael,44.0,Finance & Admin,Underwriting,"Mountain View, CA",45 - 54,M,asian,Full time,2 to less than 4 years,3,0.7333333333333334,0.7333333333333334,0.8666666666666667,0.7200000000000001,0.8666666666666667,0.784
321,641,Underwriter,Compton,Nestor,44.0,Finance & Admin,Underwriting,"Mountain View, CA",25 - 34,M,white,Full time,6 months to less than 1 year,1,0.6,0.5333333333333333,0.8666666666666667,0.8,0.9333333333333332,0.7466666666666666
322,487,Underwriter,Skinner,Amy,44.0,Finance & Admin,Underwriting,"Mountain View, CA",45 - 54,F,white,Full time,1 to less than 2 years,2,0.8000000000000002,0.6,0.7333333333333334,0.8,0.7999999999999999,0.7466666666666667
323,4,Senior Underwriter,Deleon,Josephine,44.0,Finance & Admin,Underwriting,"Mountain View, CA",25 - 34,F,asian,Full time,4 to less than 6 years,4,0.9333333333333332,0.9333333333333332,0.9333333333333332,0.8,0.9333333333333332,0.9066666666666666
324,337,Underwriter,Perez,Katy,44.0,Finance & Admin,Underwriting,"Mountain View, CA",25 - 34,F,hispanic,Full time,1 to less than 2 years,2,0.7333333333333334,0.5333333333333333,0.6666666666666666,0.68,0.7333333333333334,0.6693333333333333
325,175,Manager of Underwriting,Ortiz,Frankie,531.0,Finance & Admin,Underwriting,"Mountain View, CA",55 - 64,F,hispanic,Full time,2 to less than 4 years,3,0.8000000000000002,0.5333333333333333,0.6000000000000001,0.76,0.7333333333333334,0.6853333333333333
326,658,Senior Underwriter,Parker,Dana,175.0,Finance & Admin,Underwriting,"Mountain View, CA",35 - 44,F,white,Full time,6 months to less than 1 year,1,0.7999999999999999,0.6,0.9333333333333332,0.8,0.8666666666666667,0.7999999999999999
327,208,Senior Underwriter,Hughes,Tyrese,175.0,Finance & Admin,Underwriting,"Mountain View, CA",18 - 24,M,white,Full time,2 to less than 4 years,3,0.7999999999999999,0.7999999999999999,0.9333333333333332,0.8799999999999999,0.8000000000000002,0.8426666666666666
328,352,Senior Underwriter,Mitchell,Barbara,175.0,Finance & Admin,Underwriting,"Mountain View, CA",55 - 64,F,african_american,Full time,1 to less than 2 years,2,0.8000000000000002,0.6666666666666666,0.7333333333333334,0.76,0.6666666666666666,0.7253333333333333
329,693,Senior Underwriter,Solomon,Kathleen,175.0,Finance & Admin,Underwriting,"Mountain View, CA",25 - 34,F,white,Full time,less than 6 months,0,0.7999999999999999,0.6666666666666666,0.9333333333333332,0.8400000000000001,0.8666666666666667,0.8213333333333335
330,690,Underwriter,Thompson,Connor,175.0,Finance & Admin,Underwriting,"Mountain View, CA",18 - 24,M,african_american,Full time,less than 6 months,0,0.6666666666666666,0.6666666666666666,0.7333333333333334,0.7200000000000001,0.7333333333333334,0.704
331,724,Underwriter,Williams,Catherine,175.0,Finance & Admin,Underwriting,"Mountain View, CA",55 - 64,F,mixed_race,Full time,less than 6 months,0,0.6666666666666666,0.7333333333333334,0.6000000000000001,0.76,0.6666666666666666,0.6853333333333332
332,266,Senior Underwriter,Campbell,Judith,175.0,Finance & Admin,Underwriting,"Mountain View, CA",35 - 44,F,african_american,Full time,2 to less than 4 years,3,0.7333333333333334,0.6666666666666666,0.7333333333333334,0.68,0.7333333333333334,0.7093333333333334
333,631,Underwriter,Taylor,Amy,175.0,Finance & Admin,Underwriting,"Mountain View, CA",35 - 44,F,white,Part time,6 months to less than 1 year,1,0.7333333333333334,0.4666666666666666,0.8666666666666667,0.8,0.8666666666666667,0.7466666666666666
334,165,Underwriter,Park,Emilie,175.0,Finance & Admin,Underwriting,"Mountain View, CA",45 - 54,F,asian,Full time,2 to less than 4 years,3,0.7333333333333334,0.6666666666666666,0.8666666666666667,0.8,0.7333333333333334,0.76
335,436,Manager of HR,Bradley,Andrea,458.0,Finance & Admin,Human Resources,"Mountain View, CA",25 - 34,F,white,Part time,1 to less than 2 years,2,0.6666666666666666,0.4666666666666666,0.8666666666666667,0.8400000000000001,0.8666666666666667,0.7413333333333333
336,442,HR Analyst,Hart,Kimberly,436.0,Finance & Admin,Human Resources,"Mountain View, CA",45 - 54,F,white,Full time,1 to less than 2 years,2,0.6,0.6666666666666666,0.8000000000000002,0.8400000000000001,0.8666666666666667,0.7546666666666668
337,568,HR Analyst,Edwards,Mark,436.0,Finance & Admin,Human Resources,"Mountain View, CA",25 - 34,M,mixed_race,Full time,1 to less than 2 years,2,0.7333333333333334,0.6666666666666666,0.6,0.64,0.6666666666666666,0.6613333333333333
338,289,HR Analyst,Lee,Pooja,436.0,Finance & Admin,Human Resources,"Mountain View, CA",18 - 24,F,asian,Full time,2 to less than 4 years,3,0.7999999999999999,0.6000000000000001,0.7333333333333334,0.64,0.8000000000000002,0.7146666666666668
339,757,HR Analyst,Parker,Brianna,436.0,Finance & Admin,Human Resources,"Mountain View, CA",25 - 34,F,white,Full time,less than 6 months,0,0.7333333333333334,0.6,0.8666666666666667,0.8799999999999999,0.8666666666666667,0.7893333333333333
340,162,Manager of Recruitment,Brewer,Laura,458.0,Finance & Admin,Human Resources,"Mountain View, CA",55 - 64,F,white,Full time,2 to less than 4 years,3,0.8000000000000002,0.5333333333333333,1.0,0.8400000000000001,0.9333333333333332,0.8213333333333335
341,89,Recruiter,Robertson,Leann,162.0,Finance & Admin,Human Resources,"Mountain View, CA",35 - 44,F,white,Full time,4 to less than 6 years,4,0.9333333333333332,0.7999999999999999,0.8666666666666667,0.9199999999999999,1.0,0.9039999999999999
342,715,Recruiter,Davis,Corey,162.0,Finance & Admin,Human Resources,"Mountain View, CA",45 - 54,M,white,Part time,less than 6 months,0,0.7333333333333334,0.6,0.8666666666666667,0.8400000000000001,1.0,0.808
343,627,Recruiter,Daniels,Makenna,162.0,Finance & Admin,Human Resources,"Mountain View, CA",25 - 34,F,white,Full time,6 months to less than 1 year,1,0.7333333333333334,0.6666666666666666,0.7333333333333334,0.8,0.9333333333333332,0.7733333333333333
344,603,Senior Recruiter,Roberts,Ethan,162.0,Finance & Admin,Human Resources,"Mountain View, CA",18 - 24,M,white,Part time,6 months to less than 1 year,1,0.7333333333333334,0.4666666666666666,0.6666666666666666,0.8799999999999999,0.8666666666666667,0.7226666666666667
345,132,Recruiter,Mccarthy,Laura,162.0,Finance & Admin,Human Resources,"Mountain View, CA",35 - 44,F,white,Full time,2 to less than 4 years,3,0.7999999999999999,0.8666666666666667,1.0,0.8799999999999999,0.8666666666666667,0.8826666666666666
346,498,Recruiter,Williams,Shauna,162.0,Finance & Admin,Human Resources,"Mountain View, CA",25 - 34,F,white,Full time,1 to less than 2 years,2,0.6666666666666666,0.6666666666666666,0.7333333333333334,0.8799999999999999,0.9333333333333332,0.7759999999999999
347,573,Recruiter,Chen,Roni,162.0,Finance & Admin,Human Resources,"Mountain View, CA",55 - 64,F,asian,Full time,1 to less than 2 years,2,0.7333333333333334,0.5333333333333333,0.6,0.8,0.7333333333333334,0.68
348,218,Recruiter,Hill,Marlene,162.0,Finance & Admin,Human Resources,"Mountain View, CA",35 - 44,F,white,Full time,2 to less than 4 years,3,0.7333333333333334,0.7333333333333334,0.7999999999999999,0.76,0.9333333333333332,0.7919999999999999
349,624,Marketing Manager,Patel,Tina,547.0,Finance & Admin,Channel Marketing,"New York, NY",45 - 54,F,asian,Full time,6 months to less than 1 year,1,0.7333333333333334,0.6666666666666666,0.6666666666666666,0.8,0.7333333333333334,0.72
350,545,Senior Marketing Analyst,Rogers,Hope,624.0,Finance & Admin,Channel Marketing,"New York, NY",35 - 44,F,mixed_race,Full time,1 to less than 2 years,2,0.6,0.6,0.8666666666666667,0.64,0.6,0.6613333333333333
351,188,Marketing Analyst,Boyd,Mary,624.0,Finance & Admin,Channel Marketing,"New York, NY",25 - 34,F,african_american,Part time,2 to less than 4 years,3,0.7333333333333334,0.6,0.6,0.76,0.7333333333333334,0.6853333333333333
352,720,Senior Marketing Analyst,Brown,Yaneth,624.0,Finance & Admin,Channel Marketing,"New York, NY",18 - 24,F,white,Full time,less than 6 months,0,0.8000000000000002,0.7333333333333334,0.8000000000000002,0.8400000000000001,0.8666666666666667,0.8080000000000002
353,313,Marketing Analyst,Mason,Tiffany,624.0,Finance & Admin,Channel Marketing,"New York, NY",35 - 44,F,african_american,Full time,2 to less than 4 years,3,0.7333333333333334,0.6666666666666666,0.6,0.64,0.3333333333333333,0.5946666666666667
354,726,Senior Marketing Analyst,Johnson,Colin,624.0,Finance & Admin,Channel Marketing,"New York, NY",25 - 34,M,white,Full time,less than 6 months,0,0.8000000000000002,0.6666666666666666,0.8000000000000002,0.9199999999999999,0.8666666666666667,0.8106666666666668
355,107,Marketing Analyst,Smith,Steven,624.0,Finance & Admin,Channel Marketing,"New York, NY",35 - 44,M,white,Full time,4 to less than 6 years,4,0.8666666666666667,0.7333333333333334,0.8000000000000002,0.8,0.8000000000000002,0.8
356,66,Senior Marketing Analyst,Vo,Christa,624.0,Finance & Admin,Channel Marketing,"New York, NY",35 - 44,F,asian,Full time,4 to less than 6 years,4,0.8666666666666667,0.7333333333333334,0.8666666666666667,0.8400000000000001,0.8666666666666667,0.8346666666666668
357,495,Marketing Manager,Romero,Melissa,547.0,Finance & Admin,Marketing,"New York, NY",35 - 44,F,hispanic,Full time,1 to less than 2 years,2,0.8000000000000002,0.5333333333333333,0.7333333333333334,0.6,0.6,0.6533333333333334
358,169,Marketing Analyst,Cunningham,Lindsay,495.0,Finance & Admin,Marketing,"New York, NY",35 - 44,F,white,Full time,2 to less than 4 years,3,0.7333333333333334,0.7333333333333334,0.8666666666666667,0.8,0.8666666666666667,0.8
359,135,Marketing Analyst,Morales,Sirena,495.0,Finance & Admin,Marketing,"New York, NY",25 - 34,F,hispanic,Full time,2 to less than 4 years,3,0.8666666666666667,0.6666666666666666,0.6666666666666666,0.68,0.6666666666666666,0.7093333333333333
360,108,Senior Marketing Analyst,Lee,Karla,495.0,Finance & Admin,Marketing,"New York, NY",25 - 34,F,asian,Full time,4 to less than 6 years,4,0.9333333333333332,0.8000000000000002,0.7333333333333334,0.8400000000000001,0.8666666666666667,0.8346666666666668
361,713,Senior Marketing Analyst,Person,Rodney,495.0,Finance & Admin,Marketing,"New York, NY",45 - 54,M,hispanic,Full time,less than 6 months,0,0.6666666666666666,0.7333333333333334,0.6,0.7200000000000001,0.6666666666666666,0.6773333333333333
362,27,Marketing Analyst,Kim,Virginia,495.0,Finance & Admin,Marketing,"New York, NY",45 - 54,F,asian,Full time,4 to less than 6 years,4,0.8666666666666667,0.9333333333333332,0.8000000000000002,0.8400000000000001,0.9333333333333332,0.8746666666666668
363,194,Senior Marketing Analyst,Gross,Ellen,495.0,Finance & Admin,Marketing,"New York, NY",35 - 44,F,white,Full time,2 to less than 4 years,3,0.7999999999999999,0.6666666666666666,0.7999999999999999,0.8400000000000001,0.8666666666666667,0.7946666666666666
364,741,Marketing Analyst,Jones,James,495.0,Finance & Admin,Marketing,"New York, NY",18 - 24,M,white,Full time,less than 6 months,0,0.8666666666666667,0.5333333333333333,0.8000000000000002,0.8,0.8000000000000002,0.76
365,369,Senior Marketing Analyst,Hartman,Dolores,495.0,Finance & Admin,Marketing,"New York, NY",55 - 64,F,white,Full time,1 to less than 2 years,2,0.7999999999999999,0.6666666666666666,0.7333333333333334,0.76,0.8666666666666667,0.7653333333333333
366,57,Manager of Compliance,Patel,Katherine,68.0,Engineering,Compliance,"Mountain View, CA",25 - 34,F,asian,Full time,4 to less than 6 years,4,1.0,0.9333333333333332,0.8666666666666667,0.8400000000000001,0.8666666666666667,0.9013333333333332
367,473,Compliance Analyst,Zavala,Daniel,57.0,Engineering,Compliance,"Mountain View, CA",45 - 54,M,hispanic,Full time,1 to less than 2 years,2,0.6666666666666666,0.6,0.7333333333333334,0.7200000000000001,0.6666666666666666,0.6773333333333333
368,483,Compliance Analyst,Beltran,Gordon,57.0,Engineering,Compliance,"Mountain View, CA",35 - 44,M,hispanic,Full time,1 to less than 2 years,2,0.7333333333333334,0.6666666666666666,0.6,0.68,0.6,0.656
369,123,Compliance Analyst,Peterson,Kenneth,57.0,Engineering,Compliance,"Mountain View, CA",45 - 54,M,white,Full time,2 to less than 4 years,3,0.8666666666666667,0.6666666666666666,1.0,0.9199999999999999,0.9333333333333332,0.8773333333333333
370,760,Compliance Analyst,Garcia,Theodore,57.0,Engineering,Compliance,"Mountain View, CA",35 - 44,M,mixed_race,Full time,less than 6 months,0,0.7999999999999999,0.6,0.6,0.76,0.7333333333333334,0.6986666666666667
371,41,Manager of Compliance,Gregory,Gregory,68.0,Engineering,Compliance,"Mountain View, CA",35 - 44,M,white,Full time,4 to less than 6 years,4,0.9333333333333332,0.7333333333333334,1.0,0.9199999999999999,1.0,0.9173333333333332
372,513,Compliance Analyst,Choi,Michael,41.0,Engineering,Compliance,"Mountain View, CA",35 - 44,M,asian,Full time,1 to less than 2 years,2,0.7333333333333334,0.6,0.7333333333333334,0.72,0.8000000000000002,0.7173333333333335
373,115,Senior Compliance Analyst,Williams,Brandon,41.0,Engineering,Compliance,"Mountain View, CA",35 - 44,M,white,Full time,4 to less than 6 years,4,0.9333333333333332,0.8000000000000002,0.9333333333333332,0.8800000000000001,1.0,0.9093333333333333
374,604,Compliance Analyst,Chen,Christopher,41.0,Engineering,Compliance,"Mountain View, CA",25 - 34,M,asian,Full time,6 months to less than 1 year,1,0.8666666666666667,0.7333333333333334,0.7999999999999999,0.8,0.9333333333333332,0.8266666666666668
375,685,Loan Officer,Lucero,Irma,600.0,Loan Operations,VA Loans,"New York, NY",35 - 44,F,mixed_race,Part time,less than 6 months,0,0.8000000000000002,0.6666666666666666,0.6666666666666666,0.76,0.8000000000000002,0.7386666666666668
376,470,Loan Officer,Hughes,Brian,600.0,Loan Operations,VA Loans,"New York, NY",35 - 44,M,white,Part time,1 to less than 2 years,2,0.6666666666666666,0.6666666666666666,0.7333333333333334,0.8,0.8666666666666667,0.7466666666666666
377,237,Senior Loan Officer,Smith,Kristie,307.0,Loan Operations,South Lending,"Atlanta, GA",65+,F,hispanic,Full time,2 to less than 4 years,3,0.7333333333333334,0.6000000000000001,0.7333333333333334,0.76,0.7333333333333334,0.7120000000000001
378,151,Loan Officer,Hill,Claribel,183.0,Loan Operations,Midwest Lending,"Chicago, IL",25 - 34,F,mixed_race,Full time,2 to less than 4 years,3,0.8000000000000002,0.7333333333333334,0.7333333333333334,0.7200000000000001,0.8000000000000002,0.7573333333333335
379,7,Senior Underwriter,Bailey,Kristopher,458.0,Finance & Admin,Underwriting,"Mountain View, CA",25 - 34,M,asian,Full time,4 to less than 6 years,4,0.8666666666666667,0.9333333333333332,1.0,0.9199999999999999,0.9333333333333332,0.9306666666666666
380,190,Designer,Wheeler,Stephanie,85.0,Product,User Experience / User Interface,"New York, NY",35 - 44,F,white,Full time,2 to less than 4 years,3,0.8666666666666667,0.7999999999999999,0.8000000000000002,0.76,0.9333333333333332,0.8320000000000001
